month_start_utc,component_id,component_type,observed_share,component_mwh,total_mwh,hours,split,smoothed_share,reference_share,reference_month_or_window,share_slope,monotonicity_flags,is_forecast_safe_reference,generated_by_package
2023-10-01T00:00:00Z,C11,profiled_load_profile_cluster,0.02145390696969697,212.393679,9900.0,1,train_fit,0.026048362741692324,0.024182654927535047,2025-05-01T00:00:00Z,-9.819514811354156e-05,"{""is_one_way_readable"": false, ""max_backtrack"": 0.005972735347807272, ""monotonicity_score"": 0.625, ""monthly_share_end"": 0.018230405755095044, ""monthly_share_slope"": -0.0001130815861939554, ""monthly_share_start"": 0.02145390696969697, ""number_of_direction_reversals"": 9}",True,P0055B
2023-10-01T00:00:00Z,C12,profiled_load_profile_cluster,0.01066850404040404,105.61819,9900.0,1,train_fit,0.012343799051352177,0.010796085902944758,2025-05-01T00:00:00Z,-8.14585867582855e-05,"{""is_one_way_readable"": false, ""max_backtrack"": 0.0023510076863907416, ""monotonicity_score"": 0.6875, ""monthly_share_end"": 0.004415009303236028, ""monthly_share_slope"": -0.00015585968660691097, ""monthly_share_start"": 0.01066850404040404, ""number_of_direction_reversals"": 5}",True,P0055B
2023-10-01T00:00:00Z,C13,profiled_load_profile_cluster,0.0006456935353535354,6.392366,9900.0,1,train_fit,0.0007098288027200166,0.0006010564507627502,2025-05-01T00:00:00Z,-5.724860629329818e-06,"{""is_one_way_readable"": false, ""max_backtrack"": 9.975957913541827e-05, ""monotonicity_score"": 0.625, ""monthly_share_end"": 4.8664420772615705e-05, ""monthly_share_slope"": -1.9710572602117474e-05, ""monthly_share_start"": 0.0006456935353535354, ""number_of_direction_reversals"": 13}",True,P0055B
2023-10-01T00:00:00Z,C14,profiled_load_profile_cluster,0.0,0.0,9900.0,1,train_fit,0.0,0.0,2025-05-01T00:00:00Z,0.0,"{""is_one_way_readable"": true, ""max_backtrack"": 0.0, ""monotonicity_score"": 1.0, ""monthly_share_end"": 0.0, ""monthly_share_slope"": 0.0, ""monthly_share_start"": 0.0, ""number_of_direction_reversals"": 0}",True,P0055B
2023-10-01T00:00:00Z,C21,profiled_load_profile_cluster,0.015576914343434344,154.211452,9900.0,1,train_fit,0.01533591638135935,0.013387854163747069,2025-05-01T00:00:00Z,-0.0001025295904006467,"{""is_one_way_readable"": false, ""max_backtrack"": 0.0015188929639917484, ""monotonicity_score"": 0.6875, ""monthly_share_end"": 0.0008850181739114944, ""monthly_share_slope"": -0.0004759582778611064, ""monthly_share_start"": 0.015576914343434344, ""number_of_direction_reversals"": 11}",True,P0055B
2023-10-01T00:00:00Z,C22,profiled_load_profile_cluster,0.013045649393939393,129.151929,9900.0,1,train_fit,0.013129287688199287,0.010826901550233343,2025-05-01T00:00:00Z,-0.00012117821778768156,"{""is_one_way_readable"": false, ""max_backtrack"": 0.0018086111235061392, ""monotonicity_score"": 0.46875, ""monthly_share_end"": 0.00699392170700007, ""monthly_share_slope"": -6.995016826061045e-05, ""monthly_share_start"": 0.013045649393939393, ""number_of_direction_reversals"": 9}",True,P0055B
2023-10-01T00:00:00Z,C23,profiled_load_profile_cluster,0.0,0.0,9900.0,1,train_fit,0.0,0.0,2025-05-01T00:00:00Z,0.0,"{""is_one_way_readable"": true, ""max_backtrack"": 0.0, ""monotonicity_score"": 1.0, ""monthly_share_end"": 0.0, ""monthly_share_slope"": 0.0, ""monthly_share_start"": 0.0, ""number_of_direction_reversals"": 0}",True,P0055B
2023-10-01T00:00:00Z,C24,profiled_load_profile_cluster,0.0,0.0,9900.0,1,train_fit,0.0,0.0,2025-05-01T00:00:00Z,0.0,"{""is_one_way_readable"": true, ""max_backtrack"": 0.0, ""monotonicity_score"": 1.0, ""monthly_share_end"": 0.0, ""monthly_share_slope"": 0.0, ""monthly_share_start"": 0.0, ""number_of_direction_reversals"": 0}",True,P0055B
2023-10-01T00:00:00Z,C31,profiled_load_profile_cluster,0.008729201515151516,86.419095,9900.0,1,train_fit,0.008700598173578553,0.0074975932412460825,2025-05-01T00:00:00Z,-6.331604907013019e-05,"{""is_one_way_readable"": false, ""max_backtrack"": 0.00209824797298184, ""monotonicity_score"": 0.5, ""monthly_share_end"": 0.0, ""monthly_share_slope"": -6.197731964187812e-05, ""monthly_share_start"": 0.008729201515151516, ""number_of_direction_reversals"": 8}",True,P0055B
2023-10-01T00:00:00Z,C32,profiled_load_profile_cluster,0.011688966363636364,115.72076700000001,9900.0,1,train_fit,0.011370129748070985,0.008927771475925182,2025-05-01T00:00:00Z,-0.00012854517221820032,"{""is_one_way_readable"": false, ""max_backtrack"": 0.0019851063573300912, ""monotonicity_score"": 0.59375, ""monthly_share_end"": 0.005085316323406898, ""monthly_share_slope"": -8.395255457786171e-05, ""monthly_share_start"": 0.011688966363636364, ""number_of_direction_reversals"": 9}",True,P0055B
2023-10-01T00:00:00Z,C33,profiled_load_profile_cluster,0.002268620606060606,22.459344,9900.0,1,train_fit,0.00233599612746422,0.0019829778561955614,2025-05-01T00:00:00Z,-1.8579909014139985e-05,"{""is_one_way_readable"": false, ""max_backtrack"": 0.00024614815205098233, ""monotonicity_score"": 0.5625, ""monthly_share_end"": 0.0013663004894016208, ""monthly_share_slope"": -1.2132799392451106e-05, ""monthly_share_start"": 0.002268620606060606, ""number_of_direction_reversals"": 9}",True,P0055B
2023-10-01T00:00:00Z,C34,profiled_load_profile_cluster,0.0,0.0,9900.0,1,train_fit,0.0,0.0,2025-05-01T00:00:00Z,0.0,"{""is_one_way_readable"": true, ""max_backtrack"": 0.0, ""monotonicity_score"": 1.0, ""monthly_share_end"": 0.0, ""monthly_share_slope"": 0.0, ""monthly_share_start"": 0.0, ""number_of_direction_reversals"": 0}",True,P0055B
2023-10-01T00:00:00Z,C41,profiled_load_profile_cluster,0.0,0.0,9900.0,1,train_fit,0.0,0.0,2025-05-01T00:00:00Z,0.0,"{""is_one_way_readable"": true, ""max_backtrack"": 0.0, ""monotonicity_score"": 1.0, ""monthly_share_end"": 0.0, ""monthly_share_slope"": 0.0, ""monthly_share_start"": 0.0, ""number_of_direction_reversals"": 0}",True,P0055B
2023-10-01T00:00:00Z,C42,profiled_load_profile_cluster,0.13718212797979798,1358.103067,9900.0,1,train_fit,0.14434209599055894,0.1104333001424091,2025-05-01T00:00:00Z,-0.0017846734656921,"{""is_one_way_readable"": false, ""max_backtrack"": 0.019791080161185887, ""monotonicity_score"": 0.5625, ""monthly_share_end"": 0.0492849691320465, ""monthly_share_slope"": -0.0015722278321091134, ""monthly_share_start"": 0.13718212797979798, ""number_of_direction_reversals"": 9}",True,P0055B
2023-10-01T00:00:00Z,C43,profiled_load_profile_cluster,0.03658413707070707,362.182957,9900.0,1,train_fit,0.040137763550336776,0.03538401668365891,2025-05-01T00:00:00Z,-0.0002501972035093619,"{""is_one_way_readable"": false, ""max_backtrack"": 0.00500980113887612, ""monotonicity_score"": 0.625, ""monthly_share_end"": 0.01715300571557671, ""monthly_share_slope"": -0.00045322584805669347, ""monthly_share_start"": 0.03658413707070707, ""number_of_direction_reversals"": 9}",True,P0055B
2023-10-01T00:00:00Z,C44,profiled_load_profile_cluster,0.0011937244444444443,11.817872,9900.0,1,train_fit,0.001327087147829175,0.0012369830848089848,2025-05-01T00:00:00Z,-4.742319106325822e-06,"{""is_one_way_readable"": false, ""max_backtrack"": 0.00019717172966836555, ""monotonicity_score"": 0.5625, ""monthly_share_end"": 0.0008728906118300096, ""monthly_share_slope"": -6.3551997348968e-06, ""monthly_share_start"": 0.0011937244444444443, ""number_of_direction_reversals"": 13}",True,P0055B
2023-10-01T00:00:00Z,forecast_residual_metered_non_profiled,metered_non_profiled_residual_calculated,0.7409625537373737,7335.5292819999995,9900.0,1,train_fit,0.7242191345968382,0.7747428045205332,2025-05-01T00:00:00Z,0.002659140522299722,"{""is_one_way_readable"": false, ""max_backtrack"": 0.03330326484037871, ""monotonicity_score"": 0.59375, ""monthly_share_end"": 0.8956644983677226, ""monthly_share_slope"": 0.0030244318450375874, ""monthly_share_start"": 0.7409625537373737, ""number_of_direction_reversals"": 11}",True,P0055B
2023-11-01T00:00:00Z,C11,profiled_load_profile_cluster,0.027426642317504243,220242.5750569999,8030242.0,718,train_fit,0.025950167593578783,0.024182654927535047,2025-05-01T00:00:00Z,-9.819514811354156e-05,"{""is_one_way_readable"": false, ""max_backtrack"": 0.005972735347807272, ""monotonicity_score"": 0.625, ""monthly_share_end"": 0.018230405755095044, ""monthly_share_slope"": -0.0001130815861939554, ""monthly_share_start"": 0.02145390696969697, ""number_of_direction_reversals"": 9}",True,P0055B
2023-11-01T00:00:00Z,C12,profiled_load_profile_cluster,0.013019511726794782,104549.82988799998,8030242.0,718,train_fit,0.012262340464593891,0.010796085902944758,2025-05-01T00:00:00Z,-8.14585867582855e-05,"{""is_one_way_readable"": false, ""max_backtrack"": 0.0023510076863907416, ""monotonicity_score"": 0.6875, ""monthly_share_end"": 0.004415009303236028, ""monthly_share_slope"": -0.00015585968660691097, ""monthly_share_start"": 0.01066850404040404, ""number_of_direction_reversals"": 5}",True,P0055B
2023-11-01T00:00:00Z,C13,profiled_load_profile_cluster,0.0007454531144889537,5986.1689090000045,8030242.0,718,train_fit,0.0007041039420906868,0.0006010564507627502,2025-05-01T00:00:00Z,-5.724860629329818e-06,"{""is_one_way_readable"": false, ""max_backtrack"": 9.975957913541827e-05, ""monotonicity_score"": 0.625, ""monthly_share_end"": 4.8664420772615705e-05, ""monthly_share_slope"": -1.9710572602117474e-05, ""monthly_share_start"": 0.0006456935353535354, ""number_of_direction_reversals"": 13}",True,P0055B
2023-11-01T00:00:00Z,C14,profiled_load_profile_cluster,0.0,0.0,8030242.0,718,train_fit,0.0,0.0,2025-05-01T00:00:00Z,0.0,"{""is_one_way_readable"": true, ""max_backtrack"": 0.0, ""monotonicity_score"": 1.0, ""monthly_share_end"": 0.0, ""monthly_share_slope"": 0.0, ""monthly_share_start"": 0.0, ""number_of_direction_reversals"": 0}",True,P0055B
2023-11-01T00:00:00Z,C21,profiled_load_profile_cluster,0.017095807307426093,137283.46986399993,8030242.0,718,train_fit,0.015233386790958703,0.013387854163747069,2025-05-01T00:00:00Z,-0.0001025295904006467,"{""is_one_way_readable"": false, ""max_backtrack"": 0.0015188929639917484, ""monotonicity_score"": 0.6875, ""monthly_share_end"": 0.0008850181739114944, ""monthly_share_slope"": -0.0004759582778611064, ""monthly_share_start"": 0.015576914343434344, ""number_of_direction_reversals"": 11}",True,P0055B
2023-11-01T00:00:00Z,C22,profiled_load_profile_cluster,0.01373047819119275,110259.06265100004,8030242.0,718,train_fit,0.013008109470411606,0.010826901550233343,2025-05-01T00:00:00Z,-0.00012117821778768156,"{""is_one_way_readable"": false, ""max_backtrack"": 0.0018086111235061392, ""monotonicity_score"": 0.46875, ""monthly_share_end"": 0.00699392170700007, ""monthly_share_slope"": -6.995016826061045e-05, ""monthly_share_start"": 0.013045649393939393, ""number_of_direction_reversals"": 9}",True,P0055B
2023-11-01T00:00:00Z,C23,profiled_load_profile_cluster,0.0,0.0,8030242.0,718,train_fit,0.0,0.0,2025-05-01T00:00:00Z,0.0,"{""is_one_way_readable"": true, ""max_backtrack"": 0.0, ""monotonicity_score"": 1.0, ""monthly_share_end"": 0.0, ""monthly_share_slope"": 0.0, ""monthly_share_start"": 0.0, ""number_of_direction_reversals"": 0}",True,P0055B
2023-11-01T00:00:00Z,C24,profiled_load_profile_cluster,0.0,0.0,8030242.0,718,train_fit,0.0,0.0,2025-05-01T00:00:00Z,0.0,"{""is_one_way_readable"": true, ""max_backtrack"": 0.0, ""monotonicity_score"": 1.0, ""monthly_share_end"": 0.0, ""monthly_share_slope"": 0.0, ""monthly_share_start"": 0.0, ""number_of_direction_reversals"": 0}",True,P0055B
2023-11-01T00:00:00Z,C31,profiled_load_profile_cluster,0.008612098781580936,69157.23734400005,8030242.0,718,train_fit,0.008637282124508422,0.0074975932412460825,2025-05-01T00:00:00Z,-6.331604907013019e-05,"{""is_one_way_readable"": false, ""max_backtrack"": 0.00209824797298184, ""monotonicity_score"": 0.5, ""monthly_share_end"": 0.0, ""monthly_share_slope"": -6.197731964187812e-05, ""monthly_share_start"": 0.008729201515151516, ""number_of_direction_reversals"": 8}",True,P0055B
2023-11-01T00:00:00Z,C32,profiled_load_profile_cluster,0.011848093063945029,95143.05454200006,8030242.0,718,train_fit,0.011241584575852785,0.008927771475925182,2025-05-01T00:00:00Z,-0.00012854517221820032,"{""is_one_way_readable"": false, ""max_backtrack"": 0.0019851063573300912, ""monotonicity_score"": 0.59375, ""monthly_share_end"": 0.005085316323406898, ""monthly_share_slope"": -8.395255457786171e-05, ""monthly_share_start"": 0.011688966363636364, ""number_of_direction_reversals"": 9}",True,P0055B
2023-11-01T00:00:00Z,C33,profiled_load_profile_cluster,0.0024576552188589076,19735.56615999999,8030242.0,718,train_fit,0.00231741621845008,0.0019829778561955614,2025-05-01T00:00:00Z,-1.8579909014139985e-05,"{""is_one_way_readable"": false, ""max_backtrack"": 0.00024614815205098233, ""monotonicity_score"": 0.5625, ""monthly_share_end"": 0.0013663004894016208, ""monthly_share_slope"": -1.2132799392451106e-05, ""monthly_share_start"": 0.002268620606060606, ""number_of_direction_reversals"": 9}",True,P0055B
2023-11-01T00:00:00Z,C34,profiled_load_profile_cluster,0.0,0.0,8030242.0,718,train_fit,0.0,0.0,2025-05-01T00:00:00Z,0.0,"{""is_one_way_readable"": true, ""max_backtrack"": 0.0, ""monotonicity_score"": 1.0, ""monthly_share_end"": 0.0, ""monthly_share_slope"": 0.0, ""monthly_share_start"": 0.0, ""number_of_direction_reversals"": 0}",True,P0055B
2023-11-01T00:00:00Z,C41,profiled_load_profile_cluster,0.0,0.0,8030242.0,718,train_fit,0.0,0.0,2025-05-01T00:00:00Z,0.0,"{""is_one_way_readable"": true, ""max_backtrack"": 0.0, ""monotonicity_score"": 1.0, ""monthly_share_end"": 0.0, ""monthly_share_slope"": 0.0, ""monthly_share_start"": 0.0, ""number_of_direction_reversals"": 0}",True,P0055B
2023-11-01T00:00:00Z,C42,profiled_load_profile_cluster,0.14992493741770171,1203933.5292989998,8030242.0,718,train_fit,0.14255742252486683,0.1104333001424091,2025-05-01T00:00:00Z,-0.0017846734656921,"{""is_one_way_readable"": false, ""max_backtrack"": 0.019791080161185887, ""monotonicity_score"": 0.5625, ""monthly_share_end"": 0.0492849691320465, ""monthly_share_slope"": -0.0015722278321091134, ""monthly_share_start"": 0.13718212797979798, ""number_of_direction_reversals"": 9}",True,P0055B
2023-11-01T00:00:00Z,C43,profiled_load_profile_cluster,0.04159393820958319,334009.3895559997,8030242.0,718,train_fit,0.03988756634682741,0.03538401668365891,2025-05-01T00:00:00Z,-0.0002501972035093619,"{""is_one_way_readable"": false, ""max_backtrack"": 0.00500980113887612, ""monotonicity_score"": 0.625, ""monthly_share_end"": 0.01715300571557671, ""monthly_share_slope"": -0.00045322584805669347, ""monthly_share_start"": 0.03658413707070707, ""number_of_direction_reversals"": 9}",True,P0055B
2023-11-01T00:00:00Z,C44,profiled_load_profile_cluster,0.0013908961741128099,11169.232874999998,8030242.0,718,train_fit,0.001322344828722849,0.0012369830848089848,2025-05-01T00:00:00Z,-4.742319106325822e-06,"{""is_one_way_readable"": false, ""max_backtrack"": 0.00019717172966836555, ""monotonicity_score"": 0.5625, ""monthly_share_end"": 0.0008728906118300096, ""monthly_share_slope"": -6.3551997348968e-06, ""monthly_share_start"": 0.0011937244444444443, ""number_of_direction_reversals"": 13}",True,P0055B
2023-11-01T00:00:00Z,forecast_residual_metered_non_profiled,metered_non_profiled_residual_calculated,0.7121544884768104,5718772.883854999,8030242.0,718,train_fit,0.7268782751191379,0.7747428045205332,2025-05-01T00:00:00Z,0.002659140522299722,"{""is_one_way_readable"": false, ""max_backtrack"": 0.03330326484037871, ""monotonicity_score"": 0.59375, ""monthly_share_end"": 0.8956644983677226, ""monthly_share_slope"": 0.0030244318450375874, ""monthly_share_start"": 0.7409625537373737, ""number_of_direction_reversals"": 11}",True,P0055B
2023-12-01T00:00:00Z,C11,profiled_load_profile_cluster,0.028608632541969263,256996.52428699998,8983181.0,743,train_fit,0.02585197244546525,0.024182654927535047,2025-05-01T00:00:00Z,-9.819514811354156e-05,"{""is_one_way_readable"": false, ""max_backtrack"": 0.005972735347807272, ""monotonicity_score"": 0.625, ""monthly_share_end"": 0.018230405755095044, ""monthly_share_slope"": -0.0001130815861939554, ""monthly_share_start"": 0.02145390696969697, ""number_of_direction_reversals"": 9}",True,P0055B
2023-12-01T00:00:00Z,C12,profiled_load_profile_cluster,0.014684967138477995,131917.7177839999,8983181.0,743,train_fit,0.012180881877835609,0.010796085902944758,2025-05-01T00:00:00Z,-8.14585867582855e-05,"{""is_one_way_readable"": false, ""max_backtrack"": 0.0023510076863907416, ""monotonicity_score"": 0.6875, ""monthly_share_end"": 0.004415009303236028, ""monthly_share_slope"": -0.00015585968660691097, ""monthly_share_start"": 0.01066850404040404, ""number_of_direction_reversals"": 5}",True,P0055B
2023-12-01T00:00:00Z,C13,profiled_load_profile_cluster,0.0008015098263076284,7200.107842999988,8983181.0,743,train_fit,0.000698379081461357,0.0006010564507627502,2025-05-01T00:00:00Z,-5.724860629329818e-06,"{""is_one_way_readable"": false, ""max_backtrack"": 9.975957913541827e-05, ""monotonicity_score"": 0.625, ""monthly_share_end"": 4.8664420772615705e-05, ""monthly_share_slope"": -1.9710572602117474e-05, ""monthly_share_start"": 0.0006456935353535354, ""number_of_direction_reversals"": 13}",True,P0055B
2023-12-01T00:00:00Z,C14,profiled_load_profile_cluster,0.0,0.0,8983181.0,743,train_fit,0.0,0.0,2025-05-01T00:00:00Z,0.0,"{""is_one_way_readable"": true, ""max_backtrack"": 0.0, ""monotonicity_score"": 1.0, ""monthly_share_end"": 0.0, ""monthly_share_slope"": 0.0, ""monthly_share_start"": 0.0, ""number_of_direction_reversals"": 0}",True,P0055B
2023-12-01T00:00:00Z,C21,profiled_load_profile_cluster,0.01601382356138654,143855.07555399992,8983181.0,743,train_fit,0.01513085720055806,0.013387854163747069,2025-05-01T00:00:00Z,-0.0001025295904006467,"{""is_one_way_readable"": false, ""max_backtrack"": 0.0015188929639917484, ""monotonicity_score"": 0.6875, ""monthly_share_end"": 0.0008850181739114944, ""monthly_share_slope"": -0.0004759582778611064, ""monthly_share_start"": 0.015576914343434344, ""number_of_direction_reversals"": 11}",True,P0055B
2023-12-01T00:00:00Z,C22,profiled_load_profile_cluster,0.014809669644750575,133037.9429690001,8983181.0,743,train_fit,0.012886931252623928,0.010826901550233343,2025-05-01T00:00:00Z,-0.00012117821778768156,"{""is_one_way_readable"": false, ""max_backtrack"": 0.0018086111235061392, ""monotonicity_score"": 0.46875, ""monthly_share_end"": 0.00699392170700007, ""monthly_share_slope"": -6.995016826061045e-05, ""monthly_share_start"": 0.013045649393939393, ""number_of_direction_reversals"": 9}",True,P0055B
2023-12-01T00:00:00Z,C23,profiled_load_profile_cluster,0.0,0.0,8983181.0,743,train_fit,0.0,0.0,2025-05-01T00:00:00Z,0.0,"{""is_one_way_readable"": true, ""max_backtrack"": 0.0, ""monotonicity_score"": 1.0, ""monthly_share_end"": 0.0, ""monthly_share_slope"": 0.0, ""monthly_share_start"": 0.0, ""number_of_direction_reversals"": 0}",True,P0055B
2023-12-01T00:00:00Z,C24,profiled_load_profile_cluster,0.0,0.0,8983181.0,743,train_fit,0.0,0.0,2025-05-01T00:00:00Z,0.0,"{""is_one_way_readable"": true, ""max_backtrack"": 0.0, ""monotonicity_score"": 1.0, ""monthly_share_end"": 0.0, ""monthly_share_slope"": 0.0, ""monthly_share_start"": 0.0, ""number_of_direction_reversals"": 0}",True,P0055B
2023-12-01T00:00:00Z,C31,profiled_load_profile_cluster,0.010710346754562776,96212.983469,8983181.0,743,train_fit,0.008573966075438295,0.0074975932412460825,2025-05-01T00:00:00Z,-6.331604907013019e-05,"{""is_one_way_readable"": false, ""max_backtrack"": 0.00209824797298184, ""monotonicity_score"": 0.5, ""monthly_share_end"": 0.0, ""monthly_share_slope"": -6.197731964187812e-05, ""monthly_share_start"": 0.008729201515151516, ""number_of_direction_reversals"": 8}",True,P0055B
2023-12-01T00:00:00Z,C32,profiled_load_profile_cluster,0.013742716230030327,123453.30732600005,8983181.0,743,train_fit,0.011113039403634586,0.008927771475925182,2025-05-01T00:00:00Z,-0.00012854517221820032,"{""is_one_way_readable"": false, ""max_backtrack"": 0.0019851063573300912, ""monotonicity_score"": 0.59375, ""monthly_share_end"": 0.005085316323406898, ""monthly_share_slope"": -8.395255457786171e-05, ""monthly_share_start"": 0.011688966363636364, ""number_of_direction_reversals"": 9}",True,P0055B
2023-12-01T00:00:00Z,C33,profiled_load_profile_cluster,0.0026911777312513233,24175.336662999995,8983181.0,743,train_fit,0.0022988363094359407,0.0019829778561955614,2025-05-01T00:00:00Z,-1.8579909014139985e-05,"{""is_one_way_readable"": false, ""max_backtrack"": 0.00024614815205098233, ""monotonicity_score"": 0.5625, ""monthly_share_end"": 0.0013663004894016208, ""monthly_share_slope"": -1.2132799392451106e-05, ""monthly_share_start"": 0.002268620606060606, ""number_of_direction_reversals"": 9}",True,P0055B
2023-12-01T00:00:00Z,C34,profiled_load_profile_cluster,0.0,0.0,8983181.0,743,train_fit,0.0,0.0,2025-05-01T00:00:00Z,0.0,"{""is_one_way_readable"": true, ""max_backtrack"": 0.0, ""monotonicity_score"": 1.0, ""monthly_share_end"": 0.0, ""monthly_share_slope"": 0.0, ""monthly_share_start"": 0.0, ""number_of_direction_reversals"": 0}",True,P0055B
2023-12-01T00:00:00Z,C41,profiled_load_profile_cluster,0.0,0.0,8983181.0,743,train_fit,0.0,0.0,2025-05-01T00:00:00Z,0.0,"{""is_one_way_readable"": true, ""max_backtrack"": 0.0, ""monotonicity_score"": 1.0, ""monthly_share_end"": 0.0, ""monthly_share_slope"": 0.0, ""monthly_share_start"": 0.0, ""number_of_direction_reversals"": 0}",True,P0055B
2023-12-01T00:00:00Z,C42,profiled_load_profile_cluster,0.16822937849009173,1511234.9564940007,8983181.0,743,train_fit,0.14077274905917478,0.1104333001424091,2025-05-01T00:00:00Z,-0.0017846734656921,"{""is_one_way_readable"": false, ""max_backtrack"": 0.019791080161185887, ""monotonicity_score"": 0.5625, ""monthly_share_end"": 0.0492849691320465, ""monthly_share_slope"": -0.0015722278321091134, ""monthly_share_start"": 0.13718212797979798, ""number_of_direction_reversals"": 9}",True,P0055B
2023-12-01T00:00:00Z,C43,profiled_load_profile_cluster,0.04494375757752188,403737.9091390006,8983181.0,743,train_fit,0.03963736914331806,0.03538401668365891,2025-05-01T00:00:00Z,-0.0002501972035093619,"{""is_one_way_readable"": false, ""max_backtrack"": 0.00500980113887612, ""monotonicity_score"": 0.625, ""monthly_share_end"": 0.01715300571557671, ""monthly_share_slope"": -0.00045322584805669347, ""monthly_share_start"": 0.03658413707070707, ""number_of_direction_reversals"": 9}",True,P0055B
2023-12-01T00:00:00Z,C44,profiled_load_profile_cluster,0.0014809513012150161,13303.65359100001,8983181.0,743,train_fit,0.0013176025096165234,0.0012369830848089848,2025-05-01T00:00:00Z,-4.742319106325822e-06,"{""is_one_way_readable"": false, ""max_backtrack"": 0.00019717172966836555, ""monotonicity_score"": 0.5625, ""monthly_share_end"": 0.0008728906118300096, ""monthly_share_slope"": -6.3551997348968e-06, ""monthly_share_start"": 0.0011937244444444443, ""number_of_direction_reversals"": 13}",True,P0055B
2023-12-01T00:00:00Z,forecast_residual_metered_non_profiled,metered_non_profiled_residual_calculated,0.6832830692024353,6138055.484881002,8983181.0,743,train_fit,0.7295374156414377,0.7747428045205332,2025-05-01T00:00:00Z,0.002659140522299722,"{""is_one_way_readable"": false, ""max_backtrack"": 0.03330326484037871, ""monotonicity_score"": 0.59375, ""monthly_share_end"": 0.8956644983677226, ""monthly_share_slope"": 0.0030244318450375874, ""monthly_share_start"": 0.7409625537373737, ""number_of_direction_reversals"": 11}",True,P0055B
2024-01-01T00:00:00Z,C11,profiled_load_profile_cluster,0.027984734427762427,266894.581963,9537149.0,743,train_fit,0.025753777297351708,0.024182654927535047,2025-05-01T00:00:00Z,-9.819514811354156e-05,"{""is_one_way_readable"": false, ""max_backtrack"": 0.005972735347807272, ""monotonicity_score"": 0.625, ""monthly_share_end"": 0.018230405755095044, ""monthly_share_slope"": -0.0001130815861939554, ""monthly_share_start"": 0.02145390696969697, ""number_of_direction_reversals"": 9}",True,P0055B
2024-01-01T00:00:00Z,C12,profiled_load_profile_cluster,0.01466067646568173,139821.05589400005,9537149.0,743,train_fit,0.012099423291077323,0.010796085902944758,2025-05-01T00:00:00Z,-8.14585867582855e-05,"{""is_one_way_readable"": false, ""max_backtrack"": 0.0023510076863907416, ""monotonicity_score"": 0.6875, ""monthly_share_end"": 0.004415009303236028, ""monthly_share_slope"": -0.00015585968660691097, ""monthly_share_start"": 0.01066850404040404, ""number_of_direction_reversals"": 5}",True,P0055B
2024-01-01T00:00:00Z,C13,profiled_load_profile_cluster,0.0007649859392990507,7295.784886000002,9537149.0,743,train_fit,0.0006926542208320273,0.0006010564507627502,2025-05-01T00:00:00Z,-5.724860629329818e-06,"{""is_one_way_readable"": false, ""max_backtrack"": 9.975957913541827e-05, ""monotonicity_score"": 0.625, ""monthly_share_end"": 4.8664420772615705e-05, ""monthly_share_slope"": -1.9710572602117474e-05, ""monthly_share_start"": 0.0006456935353535354, ""number_of_direction_reversals"": 13}",True,P0055B
2024-01-01T00:00:00Z,C14,profiled_load_profile_cluster,0.0,0.0,9537149.0,743,train_fit,0.0,0.0,2025-05-01T00:00:00Z,0.0,"{""is_one_way_readable"": true, ""max_backtrack"": 0.0, ""monotonicity_score"": 1.0, ""monthly_share_end"": 0.0, ""monthly_share_slope"": 0.0, ""monthly_share_start"": 0.0, ""number_of_direction_reversals"": 0}",True,P0055B
2024-01-01T00:00:00Z,C21,profiled_load_profile_cluster,0.015766465239140135,150367.1281890001,9537149.0,743,train_fit,0.015028327610157413,0.013387854163747069,2025-05-01T00:00:00Z,-0.0001025295904006467,"{""is_one_way_readable"": false, ""max_backtrack"": 0.0015188929639917484, ""monotonicity_score"": 0.6875, ""monthly_share_end"": 0.0008850181739114944, ""monthly_share_slope"": -0.0004759582778611064, ""monthly_share_start"": 0.015576914343434344, ""number_of_direction_reversals"": 11}",True,P0055B
2024-01-01T00:00:00Z,C22,profiled_load_profile_cluster,0.015329351007098648,146198.30462799987,9537149.0,743,train_fit,0.012765753034836246,0.010826901550233343,2025-05-01T00:00:00Z,-0.00012117821778768156,"{""is_one_way_readable"": false, ""max_backtrack"": 0.0018086111235061392, ""monotonicity_score"": 0.46875, ""monthly_share_end"": 0.00699392170700007, ""monthly_share_slope"": -6.995016826061045e-05, ""monthly_share_start"": 0.013045649393939393, ""number_of_direction_reversals"": 9}",True,P0055B
2024-01-01T00:00:00Z,C23,profiled_load_profile_cluster,0.0,0.0,9537149.0,743,train_fit,0.0,0.0,2025-05-01T00:00:00Z,0.0,"{""is_one_way_readable"": true, ""max_backtrack"": 0.0, ""monotonicity_score"": 1.0, ""monthly_share_end"": 0.0, ""monthly_share_slope"": 0.0, ""monthly_share_start"": 0.0, ""number_of_direction_reversals"": 0}",True,P0055B
2024-01-01T00:00:00Z,C24,profiled_load_profile_cluster,0.0,0.0,9537149.0,743,train_fit,0.0,0.0,2025-05-01T00:00:00Z,0.0,"{""is_one_way_readable"": true, ""max_backtrack"": 0.0, ""monotonicity_score"": 1.0, ""monthly_share_end"": 0.0, ""monthly_share_slope"": 0.0, ""monthly_share_start"": 0.0, ""number_of_direction_reversals"": 0}",True,P0055B
2024-01-01T00:00:00Z,C31,profiled_load_profile_cluster,0.010792555006637736,102930.20518900007,9537149.0,743,train_fit,0.008510650026368164,0.0074975932412460825,2025-05-01T00:00:00Z,-6.331604907013019e-05,"{""is_one_way_readable"": false, ""max_backtrack"": 0.00209824797298184, ""monotonicity_score"": 0.5, ""monthly_share_end"": 0.0, ""monthly_share_slope"": -6.197731964187812e-05, ""monthly_share_start"": 0.008729201515151516, ""number_of_direction_reversals"": 8}",True,P0055B
2024-01-01T00:00:00Z,C32,profiled_load_profile_cluster,0.013322726719483998,127060.8298100001,9537149.0,743,train_fit,0.010984494231416385,0.008927771475925182,2025-05-01T00:00:00Z,-0.00012854517221820032,"{""is_one_way_readable"": false, ""max_backtrack"": 0.0019851063573300912, ""monotonicity_score"": 0.59375, ""monthly_share_end"": 0.005085316323406898, ""monthly_share_slope"": -8.395255457786171e-05, ""monthly_share_start"": 0.011688966363636364, ""number_of_direction_reversals"": 9}",True,P0055B
2024-01-01T00:00:00Z,C33,profiled_load_profile_cluster,0.002537120337325125,24196.894687999982,9537149.0,743,train_fit,0.0022802564004218004,0.0019829778561955614,2025-05-01T00:00:00Z,-1.8579909014139985e-05,"{""is_one_way_readable"": false, ""max_backtrack"": 0.00024614815205098233, ""monotonicity_score"": 0.5625, ""monthly_share_end"": 0.0013663004894016208, ""monthly_share_slope"": -1.2132799392451106e-05, ""monthly_share_start"": 0.002268620606060606, ""number_of_direction_reversals"": 9}",True,P0055B
2024-01-01T00:00:00Z,C34,profiled_load_profile_cluster,0.0,0.0,9537149.0,743,train_fit,0.0,0.0,2025-05-01T00:00:00Z,0.0,"{""is_one_way_readable"": true, ""max_backtrack"": 0.0, ""monotonicity_score"": 1.0, ""monthly_share_end"": 0.0, ""monthly_share_slope"": 0.0, ""monthly_share_start"": 0.0, ""number_of_direction_reversals"": 0}",True,P0055B
2024-01-01T00:00:00Z,C41,profiled_load_profile_cluster,0.0,0.0,9537149.0,743,train_fit,0.0,0.0,2025-05-01T00:00:00Z,0.0,"{""is_one_way_readable"": true, ""max_backtrack"": 0.0, ""monotonicity_score"": 1.0, ""monthly_share_end"": 0.0, ""monthly_share_slope"": 0.0, ""monthly_share_start"": 0.0, ""number_of_direction_reversals"": 0}",True,P0055B
2024-01-01T00:00:00Z,C42,profiled_load_profile_cluster,0.1713030836413483,1633743.0328470012,9537149.0,743,train_fit,0.13898807559348267,0.1104333001424091,2025-05-01T00:00:00Z,-0.0017846734656921,"{""is_one_way_readable"": false, ""max_backtrack"": 0.019791080161185887, ""monotonicity_score"": 0.5625, ""monthly_share_end"": 0.0492849691320465, ""monthly_share_slope"": -0.0015722278321091134, ""monthly_share_start"": 0.13718212797979798, ""number_of_direction_reversals"": 9}",True,P0055B
2024-01-01T00:00:00Z,C43,profiled_load_profile_cluster,0.045060006217581404,429743.99323800026,9537149.0,743,train_fit,0.039387171939808695,0.03538401668365891,2025-05-01T00:00:00Z,-0.0002501972035093619,"{""is_one_way_readable"": false, ""max_backtrack"": 0.00500980113887612, ""monotonicity_score"": 0.625, ""monthly_share_end"": 0.01715300571557671, ""monthly_share_slope"": -0.00045322584805669347, ""monthly_share_start"": 0.03658413707070707, ""number_of_direction_reversals"": 9}",True,P0055B
2024-01-01T00:00:00Z,C44,profiled_load_profile_cluster,0.001492182494265321,14231.166783000011,9537149.0,743,train_fit,0.0013128601905101976,0.0012369830848089848,2025-05-01T00:00:00Z,-4.742319106325822e-06,"{""is_one_way_readable"": false, ""max_backtrack"": 0.00019717172966836555, ""monotonicity_score"": 0.5625, ""monthly_share_end"": 0.0008728906118300096, ""monthly_share_slope"": -6.3551997348968e-06, ""monthly_share_start"": 0.0011937244444444443, ""number_of_direction_reversals"": 13}",True,P0055B
2024-01-01T00:00:00Z,forecast_residual_metered_non_profiled,metered_non_profiled_residual_calculated,0.6809861125043762,6494666.021884999,9537149.0,743,train_fit,0.7321965561637375,0.7747428045205332,2025-05-01T00:00:00Z,0.002659140522299722,"{""is_one_way_readable"": false, ""max_backtrack"": 0.03330326484037871, ""monotonicity_score"": 0.59375, ""monthly_share_end"": 0.8956644983677226, ""monthly_share_slope"": 0.0030244318450375874, ""monthly_share_start"": 0.7409625537373737, ""number_of_direction_reversals"": 11}",True,P0055B
2024-02-01T00:00:00Z,C11,profiled_load_profile_cluster,0.026549498726916886,219389.2339779999,8263404.0,695,train_fit,0.025655582149238163,0.024182654927535047,2025-05-01T00:00:00Z,-9.819514811354156e-05,"{""is_one_way_readable"": false, ""max_backtrack"": 0.005972735347807272, ""monotonicity_score"": 0.625, ""monthly_share_end"": 0.018230405755095044, ""monthly_share_slope"": -0.0001130815861939554, ""monthly_share_start"": 0.02145390696969697, ""number_of_direction_reversals"": 9}",True,P0055B
2024-02-01T00:00:00Z,C12,profiled_load_profile_cluster,0.013314453032430696,110022.70444599995,8263404.0,695,train_fit,0.012017964704319038,0.010796085902944758,2025-05-01T00:00:00Z,-8.14585867582855e-05,"{""is_one_way_readable"": false, ""max_backtrack"": 0.0023510076863907416, ""monotonicity_score"": 0.6875, ""monthly_share_end"": 0.004415009303236028, ""monthly_share_slope"": -0.00015585968660691097, ""monthly_share_start"": 0.01066850404040404, ""number_of_direction_reversals"": 5}",True,P0055B
2024-02-01T00:00:00Z,C13,profiled_load_profile_cluster,0.0006786529320120376,5607.983353,8263404.0,695,train_fit,0.0006869293602026974,0.0006010564507627502,2025-05-01T00:00:00Z,-5.724860629329818e-06,"{""is_one_way_readable"": false, ""max_backtrack"": 9.975957913541827e-05, ""monotonicity_score"": 0.625, ""monthly_share_end"": 4.8664420772615705e-05, ""monthly_share_slope"": -1.9710572602117474e-05, ""monthly_share_start"": 0.0006456935353535354, ""number_of_direction_reversals"": 13}",True,P0055B
2024-02-01T00:00:00Z,C14,profiled_load_profile_cluster,0.0,0.0,8263404.0,695,train_fit,0.0,0.0,2025-05-01T00:00:00Z,0.0,"{""is_one_way_readable"": true, ""max_backtrack"": 0.0, ""monotonicity_score"": 1.0, ""monthly_share_end"": 0.0, ""monthly_share_slope"": 0.0, ""monthly_share_start"": 0.0, ""number_of_direction_reversals"": 0}",True,P0055B
2024-02-01T00:00:00Z,C21,profiled_load_profile_cluster,0.014678284546779994,121292.59523699999,8263404.0,695,train_fit,0.014925798019756766,0.013387854163747069,2025-05-01T00:00:00Z,-0.0001025295904006467,"{""is_one_way_readable"": false, ""max_backtrack"": 0.0015188929639917484, ""monotonicity_score"": 0.6875, ""monthly_share_end"": 0.0008850181739114944, ""monthly_share_slope"": -0.0004759582778611064, ""monthly_share_start"": 0.015576914343434344, ""number_of_direction_reversals"": 11}",True,P0055B
2024-02-01T00:00:00Z,C22,profiled_load_profile_cluster,0.013434153732771629,111011.83969200001,8263404.0,695,train_fit,0.012644574817048565,0.010826901550233343,2025-05-01T00:00:00Z,-0.00012117821778768156,"{""is_one_way_readable"": false, ""max_backtrack"": 0.0018086111235061392, ""monotonicity_score"": 0.46875, ""monthly_share_end"": 0.00699392170700007, ""monthly_share_slope"": -6.995016826061045e-05, ""monthly_share_start"": 0.013045649393939393, ""number_of_direction_reversals"": 9}",True,P0055B
2024-02-01T00:00:00Z,C23,profiled_load_profile_cluster,0.0,0.0,8263404.0,695,train_fit,0.0,0.0,2025-05-01T00:00:00Z,0.0,"{""is_one_way_readable"": true, ""max_backtrack"": 0.0, ""monotonicity_score"": 1.0, ""monthly_share_end"": 0.0, ""monthly_share_slope"": 0.0, ""monthly_share_start"": 0.0, ""number_of_direction_reversals"": 0}",True,P0055B
2024-02-01T00:00:00Z,C24,profiled_load_profile_cluster,0.0,0.0,8263404.0,695,train_fit,0.0,0.0,2025-05-01T00:00:00Z,0.0,"{""is_one_way_readable"": true, ""max_backtrack"": 0.0, ""monotonicity_score"": 1.0, ""monthly_share_end"": 0.0, ""monthly_share_slope"": 0.0, ""monthly_share_start"": 0.0, ""number_of_direction_reversals"": 0}",True,P0055B
2024-02-01T00:00:00Z,C31,profiled_load_profile_cluster,0.009140517423812266,75531.78824199997,8263404.0,695,train_fit,0.008447333977298034,0.0074975932412460825,2025-05-01T00:00:00Z,-6.331604907013019e-05,"{""is_one_way_readable"": false, ""max_backtrack"": 0.00209824797298184, ""monotonicity_score"": 0.5, ""monthly_share_end"": 0.0, ""monthly_share_slope"": -6.197731964187812e-05, ""monthly_share_start"": 0.008729201515151516, ""number_of_direction_reversals"": 8}",True,P0055B
2024-02-01T00:00:00Z,C32,profiled_load_profile_cluster,0.012317060334457815,101780.84563600004,8263404.0,695,train_fit,0.010855949059198185,0.008927771475925182,2025-05-01T00:00:00Z,-0.00012854517221820032,"{""is_one_way_readable"": false, ""max_backtrack"": 0.0019851063573300912, ""monotonicity_score"": 0.59375, ""monthly_share_end"": 0.005085316323406898, ""monthly_share_slope"": -8.395255457786171e-05, ""monthly_share_start"": 0.011688966363636364, ""number_of_direction_reversals"": 9}",True,P0055B
2024-02-01T00:00:00Z,C33,profiled_load_profile_cluster,0.002385142892444809,19709.399318000003,8263404.0,695,train_fit,0.0022616764914076604,0.0019829778561955614,2025-05-01T00:00:00Z,-1.8579909014139985e-05,"{""is_one_way_readable"": false, ""max_backtrack"": 0.00024614815205098233, ""monotonicity_score"": 0.5625, ""monthly_share_end"": 0.0013663004894016208, ""monthly_share_slope"": -1.2132799392451106e-05, ""monthly_share_start"": 0.002268620606060606, ""number_of_direction_reversals"": 9}",True,P0055B
2024-02-01T00:00:00Z,C34,profiled_load_profile_cluster,0.0,0.0,8263404.0,695,train_fit,0.0,0.0,2025-05-01T00:00:00Z,0.0,"{""is_one_way_readable"": true, ""max_backtrack"": 0.0, ""monotonicity_score"": 1.0, ""monthly_share_end"": 0.0, ""monthly_share_slope"": 0.0, ""monthly_share_start"": 0.0, ""number_of_direction_reversals"": 0}",True,P0055B
2024-02-01T00:00:00Z,C41,profiled_load_profile_cluster,0.0,0.0,8263404.0,695,train_fit,0.0,0.0,2025-05-01T00:00:00Z,0.0,"{""is_one_way_readable"": true, ""max_backtrack"": 0.0, ""monotonicity_score"": 1.0, ""monthly_share_end"": 0.0, ""monthly_share_slope"": 0.0, ""monthly_share_start"": 0.0, ""number_of_direction_reversals"": 0}",True,P0055B
2024-02-01T00:00:00Z,C42,profiled_load_profile_cluster,0.1514624634895017,1251595.5266490025,8263404.0,695,train_fit,0.13720340212779059,0.1104333001424091,2025-05-01T00:00:00Z,-0.0017846734656921,"{""is_one_way_readable"": false, ""max_backtrack"": 0.019791080161185887, ""monotonicity_score"": 0.5625, ""monthly_share_end"": 0.0492849691320465, ""monthly_share_slope"": -0.0015722278321091134, ""monthly_share_start"": 0.13718212797979798, ""number_of_direction_reversals"": 9}",True,P0055B
2024-02-01T00:00:00Z,C43,profiled_load_profile_cluster,0.0414273975401662,342331.3225429995,8263404.0,695,train_fit,0.03913697473629933,0.03538401668365891,2025-05-01T00:00:00Z,-0.0002501972035093619,"{""is_one_way_readable"": false, ""max_backtrack"": 0.00500980113887612, ""monotonicity_score"": 0.625, ""monthly_share_end"": 0.01715300571557671, ""monthly_share_slope"": -0.00045322584805669347, ""monthly_share_start"": 0.03658413707070707, ""number_of_direction_reversals"": 9}",True,P0055B
2024-02-01T00:00:00Z,C44,profiled_load_profile_cluster,0.0013615914487540488,11251.380224000002,8263404.0,695,train_fit,0.001308117871403872,0.0012369830848089848,2025-05-01T00:00:00Z,-4.742319106325822e-06,"{""is_one_way_readable"": false, ""max_backtrack"": 0.00019717172966836555, ""monotonicity_score"": 0.5625, ""monthly_share_end"": 0.0008728906118300096, ""monthly_share_slope"": -6.3551997348968e-06, ""monthly_share_start"": 0.0011937244444444443, ""number_of_direction_reversals"": 13}",True,P0055B
2024-02-01T00:00:00Z,forecast_residual_metered_non_profiled,metered_non_profiled_residual_calculated,0.7132507838999523,5893879.380682002,8263404.0,695,train_fit,0.7348556966860372,0.7747428045205332,2025-05-01T00:00:00Z,0.002659140522299722,"{""is_one_way_readable"": false, ""max_backtrack"": 0.03330326484037871, ""monotonicity_score"": 0.59375, ""monthly_share_end"": 0.8956644983677226, ""monthly_share_slope"": 0.0030244318450375874, ""monthly_share_start"": 0.7409625537373737, ""number_of_direction_reversals"": 11}",True,P0055B
2024-03-01T00:00:00Z,C11,profiled_load_profile_cluster,0.026387492212318293,207969.24646000026,7881357.0,742,train_fit,0.025557387001124622,0.024182654927535047,2025-05-01T00:00:00Z,-9.819514811354156e-05,"{""is_one_way_readable"": false, ""max_backtrack"": 0.005972735347807272, ""monotonicity_score"": 0.625, ""monthly_share_end"": 0.018230405755095044, ""monthly_share_slope"": -0.0001130815861939554, ""monthly_share_start"": 0.02145390696969697, ""number_of_direction_reversals"": 9}",True,P0055B
2024-03-01T00:00:00Z,C12,profiled_load_profile_cluster,0.012835598442628576,101161.93363499983,7881357.0,742,train_fit,0.011936506117560752,0.010796085902944758,2025-05-01T00:00:00Z,-8.14585867582855e-05,"{""is_one_way_readable"": false, ""max_backtrack"": 0.0023510076863907416, ""monotonicity_score"": 0.6875, ""monthly_share_end"": 0.004415009303236028, ""monthly_share_slope"": -0.00015585968660691097, ""monthly_share_start"": 0.01066850404040404, ""number_of_direction_reversals"": 5}",True,P0055B
2024-03-01T00:00:00Z,C13,profiled_load_profile_cluster,0.0006740523456810801,5312.4471730000005,7881357.0,742,train_fit,0.0006812044995733676,0.0006010564507627502,2025-05-01T00:00:00Z,-5.724860629329818e-06,"{""is_one_way_readable"": false, ""max_backtrack"": 9.975957913541827e-05, ""monotonicity_score"": 0.625, ""monthly_share_end"": 4.8664420772615705e-05, ""monthly_share_slope"": -1.9710572602117474e-05, ""monthly_share_start"": 0.0006456935353535354, ""number_of_direction_reversals"": 13}",True,P0055B
2024-03-01T00:00:00Z,C14,profiled_load_profile_cluster,0.0,0.0,7881357.0,742,train_fit,0.0,0.0,2025-05-01T00:00:00Z,0.0,"{""is_one_way_readable"": true, ""max_backtrack"": 0.0, ""monotonicity_score"": 1.0, ""monthly_share_end"": 0.0, ""monthly_share_slope"": 0.0, ""monthly_share_start"": 0.0, ""number_of_direction_reversals"": 0}",True,P0055B
2024-03-01T00:00:00Z,C21,profiled_load_profile_cluster,0.014618753645596836,115215.61637600015,7881357.0,742,train_fit,0.01482326842935612,0.013387854163747069,2025-05-01T00:00:00Z,-0.0001025295904006467,"{""is_one_way_readable"": false, ""max_backtrack"": 0.0015188929639917484, ""monotonicity_score"": 0.6875, ""monthly_share_end"": 0.0008850181739114944, ""monthly_share_slope"": -0.0004759582778611064, ""monthly_share_start"": 0.015576914343434344, ""number_of_direction_reversals"": 11}",True,P0055B
2024-03-01T00:00:00Z,C22,profiled_load_profile_cluster,0.013116499797306466,103375.8174929999,7881357.0,742,train_fit,0.012523396599260883,0.010826901550233343,2025-05-01T00:00:00Z,-0.00012117821778768156,"{""is_one_way_readable"": false, ""max_backtrack"": 0.0018086111235061392, ""monotonicity_score"": 0.46875, ""monthly_share_end"": 0.00699392170700007, ""monthly_share_slope"": -6.995016826061045e-05, ""monthly_share_start"": 0.013045649393939393, ""number_of_direction_reversals"": 9}",True,P0055B
2024-03-01T00:00:00Z,C23,profiled_load_profile_cluster,0.0,0.0,7881357.0,742,train_fit,0.0,0.0,2025-05-01T00:00:00Z,0.0,"{""is_one_way_readable"": true, ""max_backtrack"": 0.0, ""monotonicity_score"": 1.0, ""monthly_share_end"": 0.0, ""monthly_share_slope"": 0.0, ""monthly_share_start"": 0.0, ""number_of_direction_reversals"": 0}",True,P0055B
2024-03-01T00:00:00Z,C24,profiled_load_profile_cluster,0.0,0.0,7881357.0,742,train_fit,0.0,0.0,2025-05-01T00:00:00Z,0.0,"{""is_one_way_readable"": true, ""max_backtrack"": 0.0, ""monotonicity_score"": 1.0, ""monthly_share_end"": 0.0, ""monthly_share_slope"": 0.0, ""monthly_share_start"": 0.0, ""number_of_direction_reversals"": 0}",True,P0055B
2024-03-01T00:00:00Z,C31,profiled_load_profile_cluster,0.008972241766868316,70713.44045499997,7881357.0,742,train_fit,0.008384017928227903,0.0074975932412460825,2025-05-01T00:00:00Z,-6.331604907013019e-05,"{""is_one_way_readable"": false, ""max_backtrack"": 0.00209824797298184, ""monotonicity_score"": 0.5, ""monthly_share_end"": 0.0, ""monthly_share_slope"": -6.197731964187812e-05, ""monthly_share_start"": 0.008729201515151516, ""number_of_direction_reversals"": 8}",True,P0055B
2024-03-01T00:00:00Z,C32,profiled_load_profile_cluster,0.01114668599404899,87851.01168599997,7881357.0,742,train_fit,0.010727403886979986,0.008927771475925182,2025-05-01T00:00:00Z,-0.00012854517221820032,"{""is_one_way_readable"": false, ""max_backtrack"": 0.0019851063573300912, ""monotonicity_score"": 0.59375, ""monthly_share_end"": 0.005085316323406898, ""monthly_share_slope"": -8.395255457786171e-05, ""monthly_share_start"": 0.011688966363636364, ""number_of_direction_reversals"": 9}",True,P0055B
2024-03-01T00:00:00Z,C33,profiled_load_profile_cluster,0.0022836333637722547,17998.129797000005,7881357.0,742,train_fit,0.0022430965823935205,0.0019829778561955614,2025-05-01T00:00:00Z,-1.8579909014139985e-05,"{""is_one_way_readable"": false, ""max_backtrack"": 0.00024614815205098233, ""monotonicity_score"": 0.5625, ""monthly_share_end"": 0.0013663004894016208, ""monthly_share_slope"": -1.2132799392451106e-05, ""monthly_share_start"": 0.002268620606060606, ""number_of_direction_reversals"": 9}",True,P0055B
2024-03-01T00:00:00Z,C34,profiled_load_profile_cluster,0.0,0.0,7881357.0,742,train_fit,0.0,0.0,2025-05-01T00:00:00Z,0.0,"{""is_one_way_readable"": true, ""max_backtrack"": 0.0, ""monotonicity_score"": 1.0, ""monthly_share_end"": 0.0, ""monthly_share_slope"": 0.0, ""monthly_share_start"": 0.0, ""number_of_direction_reversals"": 0}",True,P0055B
2024-03-01T00:00:00Z,C41,profiled_load_profile_cluster,0.0,0.0,7881357.0,742,train_fit,0.0,0.0,2025-05-01T00:00:00Z,0.0,"{""is_one_way_readable"": true, ""max_backtrack"": 0.0, ""monotonicity_score"": 1.0, ""monthly_share_end"": 0.0, ""monthly_share_slope"": 0.0, ""monthly_share_start"": 0.0, ""number_of_direction_reversals"": 0}",True,P0055B
2024-03-01T00:00:00Z,C42,profiled_load_profile_cluster,0.14401545384785883,1135037.205291999,7881357.0,742,train_fit,0.13541872866209848,0.1104333001424091,2025-05-01T00:00:00Z,-0.0017846734656921,"{""is_one_way_readable"": false, ""max_backtrack"": 0.019791080161185887, ""monotonicity_score"": 0.5625, ""monthly_share_end"": 0.0492849691320465, ""monthly_share_slope"": -0.0015722278321091134, ""monthly_share_start"": 0.13718212797979798, ""number_of_direction_reversals"": 9}",True,P0055B
2024-03-01T00:00:00Z,C43,profiled_load_profile_cluster,0.04026477989437607,317341.10487400007,7881357.0,742,train_fit,0.038886777532789976,0.03538401668365891,2025-05-01T00:00:00Z,-0.0002501972035093619,"{""is_one_way_readable"": false, ""max_backtrack"": 0.00500980113887612, ""monotonicity_score"": 0.625, ""monthly_share_end"": 0.01715300571557671, ""monthly_share_slope"": -0.00045322584805669347, ""monthly_share_start"": 0.03658413707070707, ""number_of_direction_reversals"": 9}",True,P0055B
2024-03-01T00:00:00Z,C44,profiled_load_profile_cluster,0.0013584614180020015,10706.519406000001,7881357.0,742,train_fit,0.001303375552297546,0.0012369830848089848,2025-05-01T00:00:00Z,-4.742319106325822e-06,"{""is_one_way_readable"": false, ""max_backtrack"": 0.00019717172966836555, ""monotonicity_score"": 0.5625, ""monthly_share_end"": 0.0008728906118300096, ""monthly_share_slope"": -6.3551997348968e-06, ""monthly_share_start"": 0.0011937244444444443, ""number_of_direction_reversals"": 13}",True,P0055B
2024-03-01T00:00:00Z,forecast_residual_metered_non_profiled,metered_non_profiled_residual_calculated,0.7243263472715422,5708674.527353,7881357.0,742,train_fit,0.7375148372083369,0.7747428045205332,2025-05-01T00:00:00Z,0.002659140522299722,"{""is_one_way_readable"": false, ""max_backtrack"": 0.03330326484037871, ""monotonicity_score"": 0.59375, ""monthly_share_end"": 0.8956644983677226, ""monthly_share_slope"": 0.0030244318450375874, ""monthly_share_start"": 0.7409625537373737, ""number_of_direction_reversals"": 11}",True,P0055B
2024-04-01T00:00:00Z,C11,profiled_load_profile_cluster,0.026263469370076578,185883.74904099997,7077654.0,718,train_fit,0.02545919185301108,0.024182654927535047,2025-05-01T00:00:00Z,-9.819514811354156e-05,"{""is_one_way_readable"": false, ""max_backtrack"": 0.005972735347807272, ""monotonicity_score"": 0.625, ""monthly_share_end"": 0.018230405755095044, ""monthly_share_slope"": -0.0001130815861939554, ""monthly_share_start"": 0.02145390696969697, ""number_of_direction_reversals"": 9}",True,P0055B
2024-04-01T00:00:00Z,C12,profiled_load_profile_cluster,0.012292374451195262,87001.17320399995,7077654.0,718,train_fit,0.011855047530802467,0.010796085902944758,2025-05-01T00:00:00Z,-8.14585867582855e-05,"{""is_one_way_readable"": false, ""max_backtrack"": 0.0023510076863907416, ""monotonicity_score"": 0.6875, ""monthly_share_end"": 0.004415009303236028, ""monthly_share_slope"": -0.00015585968660691097, ""monthly_share_start"": 0.01066850404040404, ""number_of_direction_reversals"": 5}",True,P0055B
2024-04-01T00:00:00Z,C13,profiled_load_profile_cluster,0.0006631967998153058,4693.877482999998,7077654.0,718,train_fit,0.0006754796389440377,0.0006010564507627502,2025-05-01T00:00:00Z,-5.724860629329818e-06,"{""is_one_way_readable"": false, ""max_backtrack"": 9.975957913541827e-05, ""monotonicity_score"": 0.625, ""monthly_share_end"": 4.8664420772615705e-05, ""monthly_share_slope"": -1.9710572602117474e-05, ""monthly_share_start"": 0.0006456935353535354, ""number_of_direction_reversals"": 13}",True,P0055B
2024-04-01T00:00:00Z,C14,profiled_load_profile_cluster,0.0,0.0,7077654.0,718,train_fit,0.0,0.0,2025-05-01T00:00:00Z,0.0,"{""is_one_way_readable"": true, ""max_backtrack"": 0.0, ""monotonicity_score"": 1.0, ""monthly_share_end"": 0.0, ""monthly_share_slope"": 0.0, ""monthly_share_start"": 0.0, ""number_of_direction_reversals"": 0}",True,P0055B
2024-04-01T00:00:00Z,C21,profiled_load_profile_cluster,0.013865864824417819,98137.79363800008,7077654.0,718,train_fit,0.014720738838955473,0.013387854163747069,2025-05-01T00:00:00Z,-0.0001025295904006467,"{""is_one_way_readable"": false, ""max_backtrack"": 0.0015188929639917484, ""monotonicity_score"": 0.6875, ""monthly_share_end"": 0.0008850181739114944, ""monthly_share_slope"": -0.0004759582778611064, ""monthly_share_start"": 0.015576914343434344, ""number_of_direction_reversals"": 11}",True,P0055B
2024-04-01T00:00:00Z,C22,profiled_load_profile_cluster,0.01198689538341376,84839.09805799993,7077654.0,718,train_fit,0.012402218381473202,0.010826901550233343,2025-05-01T00:00:00Z,-0.00012117821778768156,"{""is_one_way_readable"": false, ""max_backtrack"": 0.0018086111235061392, ""monotonicity_score"": 0.46875, ""monthly_share_end"": 0.00699392170700007, ""monthly_share_slope"": -6.995016826061045e-05, ""monthly_share_start"": 0.013045649393939393, ""number_of_direction_reversals"": 9}",True,P0055B
2024-04-01T00:00:00Z,C23,profiled_load_profile_cluster,0.0,0.0,7077654.0,718,train_fit,0.0,0.0,2025-05-01T00:00:00Z,0.0,"{""is_one_way_readable"": true, ""max_backtrack"": 0.0, ""monotonicity_score"": 1.0, ""monthly_share_end"": 0.0, ""monthly_share_slope"": 0.0, ""monthly_share_start"": 0.0, ""number_of_direction_reversals"": 0}",True,P0055B
2024-04-01T00:00:00Z,C24,profiled_load_profile_cluster,0.0,0.0,7077654.0,718,train_fit,0.0,0.0,2025-05-01T00:00:00Z,0.0,"{""is_one_way_readable"": true, ""max_backtrack"": 0.0, ""monotonicity_score"": 1.0, ""monthly_share_end"": 0.0, ""monthly_share_slope"": 0.0, ""monthly_share_start"": 0.0, ""number_of_direction_reversals"": 0}",True,P0055B
2024-04-01T00:00:00Z,C31,profiled_load_profile_cluster,0.008437255091305678,59715.97224599999,7077654.0,718,train_fit,0.008320701879157774,0.0074975932412460825,2025-05-01T00:00:00Z,-6.331604907013019e-05,"{""is_one_way_readable"": false, ""max_backtrack"": 0.00209824797298184, ""monotonicity_score"": 0.5, ""monthly_share_end"": 0.0, ""monthly_share_slope"": -6.197731964187812e-05, ""monthly_share_start"": 0.008729201515151516, ""number_of_direction_reversals"": 8}",True,P0055B
2024-04-01T00:00:00Z,C32,profiled_load_profile_cluster,0.010053792377954611,71157.26383899996,7077654.0,718,train_fit,0.010598858714761785,0.008927771475925182,2025-05-01T00:00:00Z,-0.00012854517221820032,"{""is_one_way_readable"": false, ""max_backtrack"": 0.0019851063573300912, ""monotonicity_score"": 0.59375, ""monthly_share_end"": 0.005085316323406898, ""monthly_share_slope"": -8.395255457786171e-05, ""monthly_share_start"": 0.011688966363636364, ""number_of_direction_reversals"": 9}",True,P0055B
2024-04-01T00:00:00Z,C33,profiled_load_profile_cluster,0.002129448943392828,15071.502832000026,7077654.0,718,train_fit,0.0022245166733793806,0.0019829778561955614,2025-05-01T00:00:00Z,-1.8579909014139985e-05,"{""is_one_way_readable"": false, ""max_backtrack"": 0.00024614815205098233, ""monotonicity_score"": 0.5625, ""monthly_share_end"": 0.0013663004894016208, ""monthly_share_slope"": -1.2132799392451106e-05, ""monthly_share_start"": 0.002268620606060606, ""number_of_direction_reversals"": 9}",True,P0055B
2024-04-01T00:00:00Z,C34,profiled_load_profile_cluster,0.0,0.0,7077654.0,718,train_fit,0.0,0.0,2025-05-01T00:00:00Z,0.0,"{""is_one_way_readable"": true, ""max_backtrack"": 0.0, ""monotonicity_score"": 1.0, ""monthly_share_end"": 0.0, ""monthly_share_slope"": 0.0, ""monthly_share_start"": 0.0, ""number_of_direction_reversals"": 0}",True,P0055B
2024-04-01T00:00:00Z,C41,profiled_load_profile_cluster,0.0,0.0,7077654.0,718,train_fit,0.0,0.0,2025-05-01T00:00:00Z,0.0,"{""is_one_way_readable"": true, ""max_backtrack"": 0.0, ""monotonicity_score"": 1.0, ""monthly_share_end"": 0.0, ""monthly_share_slope"": 0.0, ""monthly_share_start"": 0.0, ""number_of_direction_reversals"": 0}",True,P0055B
2024-04-01T00:00:00Z,C42,profiled_load_profile_cluster,0.1325514731273953,938153.4639860018,7077654.0,718,train_fit,0.13363405519640636,0.1104333001424091,2025-05-01T00:00:00Z,-0.0017846734656921,"{""is_one_way_readable"": false, ""max_backtrack"": 0.019791080161185887, ""monotonicity_score"": 0.5625, ""monthly_share_end"": 0.0492849691320465, ""monthly_share_slope"": -0.0015722278321091134, ""monthly_share_start"": 0.13718212797979798, ""number_of_direction_reversals"": 9}",True,P0055B
2024-04-01T00:00:00Z,C43,profiled_load_profile_cluster,0.038328151131434236,271273.39216800005,7077654.0,718,train_fit,0.03863658032928061,0.03538401668365891,2025-05-01T00:00:00Z,-0.0002501972035093619,"{""is_one_way_readable"": false, ""max_backtrack"": 0.00500980113887612, ""monotonicity_score"": 0.625, ""monthly_share_end"": 0.01715300571557671, ""monthly_share_slope"": -0.00045322584805669347, ""monthly_share_start"": 0.03658413707070707, ""number_of_direction_reversals"": 9}",True,P0055B
2024-04-01T00:00:00Z,C44,profiled_load_profile_cluster,0.0012924932168201498,9147.819786,7077654.0,718,train_fit,0.0012986332331912202,0.0012369830848089848,2025-05-01T00:00:00Z,-4.742319106325822e-06,"{""is_one_way_readable"": false, ""max_backtrack"": 0.00019717172966836555, ""monotonicity_score"": 0.5625, ""monthly_share_end"": 0.0008728906118300096, ""monthly_share_slope"": -6.3551997348968e-06, ""monthly_share_start"": 0.0011937244444444443, ""number_of_direction_reversals"": 13}",True,P0055B
2024-04-01T00:00:00Z,forecast_residual_metered_non_profiled,metered_non_profiled_residual_calculated,0.7421355852827798,5252578.893719007,7077654.0,718,train_fit,0.7401739777306366,0.7747428045205332,2025-05-01T00:00:00Z,0.002659140522299722,"{""is_one_way_readable"": false, ""max_backtrack"": 0.03330326484037871, ""monotonicity_score"": 0.59375, ""monthly_share_end"": 0.8956644983677226, ""monthly_share_slope"": 0.0030244318450375874, ""monthly_share_start"": 0.7409625537373737, ""number_of_direction_reversals"": 11}",True,P0055B
2024-05-01T00:00:00Z,C11,profiled_load_profile_cluster,0.02462986269707496,147074.63895999992,5971395.0,741,train_fit,0.02536099670489754,0.024182654927535047,2025-05-01T00:00:00Z,-9.819514811354156e-05,"{""is_one_way_readable"": false, ""max_backtrack"": 0.005972735347807272, ""monotonicity_score"": 0.625, ""monthly_share_end"": 0.018230405755095044, ""monthly_share_slope"": -0.0001130815861939554, ""monthly_share_start"": 0.02145390696969697, ""number_of_direction_reversals"": 9}",True,P0055B
2024-05-01T00:00:00Z,C12,profiled_load_profile_cluster,0.009559648194601101,57084.43543100004,5971395.0,741,train_fit,0.011773588944044181,0.010796085902944758,2025-05-01T00:00:00Z,-8.14585867582855e-05,"{""is_one_way_readable"": false, ""max_backtrack"": 0.0023510076863907416, ""monotonicity_score"": 0.6875, ""monthly_share_end"": 0.004415009303236028, ""monthly_share_slope"": -0.00015585968660691097, ""monthly_share_start"": 0.01066850404040404, ""number_of_direction_reversals"": 5}",True,P0055B
2024-05-01T00:00:00Z,C13,profiled_load_profile_cluster,0.0006088713245397439,3635.811183000004,5971395.0,741,train_fit,0.000669754778314708,0.0006010564507627502,2025-05-01T00:00:00Z,-5.724860629329818e-06,"{""is_one_way_readable"": false, ""max_backtrack"": 9.975957913541827e-05, ""monotonicity_score"": 0.625, ""monthly_share_end"": 4.8664420772615705e-05, ""monthly_share_slope"": -1.9710572602117474e-05, ""monthly_share_start"": 0.0006456935353535354, ""number_of_direction_reversals"": 13}",True,P0055B
2024-05-01T00:00:00Z,C14,profiled_load_profile_cluster,0.0,0.0,5971395.0,741,train_fit,0.0,0.0,2025-05-01T00:00:00Z,0.0,"{""is_one_way_readable"": true, ""max_backtrack"": 0.0, ""monotonicity_score"": 1.0, ""monthly_share_end"": 0.0, ""monthly_share_slope"": 0.0, ""monthly_share_start"": 0.0, ""number_of_direction_reversals"": 0}",True,P0055B
2024-05-01T00:00:00Z,C21,profiled_load_profile_cluster,0.012943734788772136,77292.153199,5971395.0,741,train_fit,0.014618209248554826,0.013387854163747069,2025-05-01T00:00:00Z,-0.0001025295904006467,"{""is_one_way_readable"": false, ""max_backtrack"": 0.0015188929639917484, ""monotonicity_score"": 0.6875, ""monthly_share_end"": 0.0008850181739114944, ""monthly_share_slope"": -0.0004759582778611064, ""monthly_share_start"": 0.015576914343434344, ""number_of_direction_reversals"": 11}",True,P0055B
2024-05-01T00:00:00Z,C22,profiled_load_profile_cluster,0.009311398202430085,55602.036669,5971395.0,741,train_fit,0.01228104016368552,0.010826901550233343,2025-05-01T00:00:00Z,-0.00012117821778768156,"{""is_one_way_readable"": false, ""max_backtrack"": 0.0018086111235061392, ""monotonicity_score"": 0.46875, ""monthly_share_end"": 0.00699392170700007, ""monthly_share_slope"": -6.995016826061045e-05, ""monthly_share_start"": 0.013045649393939393, ""number_of_direction_reversals"": 9}",True,P0055B
2024-05-01T00:00:00Z,C23,profiled_load_profile_cluster,0.0,0.0,5971395.0,741,train_fit,0.0,0.0,2025-05-01T00:00:00Z,0.0,"{""is_one_way_readable"": true, ""max_backtrack"": 0.0, ""monotonicity_score"": 1.0, ""monthly_share_end"": 0.0, ""monthly_share_slope"": 0.0, ""monthly_share_start"": 0.0, ""number_of_direction_reversals"": 0}",True,P0055B
2024-05-01T00:00:00Z,C24,profiled_load_profile_cluster,0.0,0.0,5971395.0,741,train_fit,0.0,0.0,2025-05-01T00:00:00Z,0.0,"{""is_one_way_readable"": true, ""max_backtrack"": 0.0, ""monotonicity_score"": 1.0, ""monthly_share_end"": 0.0, ""monthly_share_slope"": 0.0, ""monthly_share_start"": 0.0, ""number_of_direction_reversals"": 0}",True,P0055B
2024-05-01T00:00:00Z,C31,profiled_load_profile_cluster,0.004778681398567668,28535.394209999984,5971395.0,741,train_fit,0.008257385830087643,0.0074975932412460825,2025-05-01T00:00:00Z,-6.331604907013019e-05,"{""is_one_way_readable"": false, ""max_backtrack"": 0.00209824797298184, ""monotonicity_score"": 0.5, ""monthly_share_end"": 0.0, ""monthly_share_slope"": -6.197731964187812e-05, ""monthly_share_start"": 0.008729201515151516, ""number_of_direction_reversals"": 8}",True,P0055B
2024-05-01T00:00:00Z,C32,profiled_load_profile_cluster,0.007341700116137025,43840.19136500005,5971395.0,741,train_fit,0.010470313542543585,0.008927771475925182,2025-05-01T00:00:00Z,-0.00012854517221820032,"{""is_one_way_readable"": false, ""max_backtrack"": 0.0019851063573300912, ""monotonicity_score"": 0.59375, ""monthly_share_end"": 0.005085316323406898, ""monthly_share_slope"": -8.395255457786171e-05, ""monthly_share_start"": 0.011688966363636364, ""number_of_direction_reversals"": 9}",True,P0055B
2024-05-01T00:00:00Z,C33,profiled_load_profile_cluster,0.0017915064860053618,10697.792872999988,5971395.0,741,train_fit,0.0022059367643652407,0.0019829778561955614,2025-05-01T00:00:00Z,-1.8579909014139985e-05,"{""is_one_way_readable"": false, ""max_backtrack"": 0.00024614815205098233, ""monotonicity_score"": 0.5625, ""monthly_share_end"": 0.0013663004894016208, ""monthly_share_slope"": -1.2132799392451106e-05, ""monthly_share_start"": 0.002268620606060606, ""number_of_direction_reversals"": 9}",True,P0055B
2024-05-01T00:00:00Z,C34,profiled_load_profile_cluster,0.0,0.0,5971395.0,741,train_fit,0.0,0.0,2025-05-01T00:00:00Z,0.0,"{""is_one_way_readable"": true, ""max_backtrack"": 0.0, ""monotonicity_score"": 1.0, ""monthly_share_end"": 0.0, ""monthly_share_slope"": 0.0, ""monthly_share_start"": 0.0, ""number_of_direction_reversals"": 0}",True,P0055B
2024-05-01T00:00:00Z,C41,profiled_load_profile_cluster,0.0,0.0,5971395.0,741,train_fit,0.0,0.0,2025-05-01T00:00:00Z,0.0,"{""is_one_way_readable"": true, ""max_backtrack"": 0.0, ""monotonicity_score"": 1.0, ""monthly_share_end"": 0.0, ""monthly_share_slope"": 0.0, ""monthly_share_start"": 0.0, ""number_of_direction_reversals"": 0}",True,P0055B
2024-05-01T00:00:00Z,C42,profiled_load_profile_cluster,0.09871119209899862,589443.5189439999,5971395.0,741,train_fit,0.13184938173071428,0.1104333001424091,2025-05-01T00:00:00Z,-0.0017846734656921,"{""is_one_way_readable"": false, ""max_backtrack"": 0.019791080161185887, ""monotonicity_score"": 0.5625, ""monthly_share_end"": 0.0492849691320465, ""monthly_share_slope"": -0.0015722278321091134, ""monthly_share_start"": 0.13718212797979798, ""number_of_direction_reversals"": 9}",True,P0055B
2024-05-01T00:00:00Z,C43,profiled_load_profile_cluster,0.0332354969960956,198462.28058500026,5971395.0,741,train_fit,0.03838638312577125,0.03538401668365891,2025-05-01T00:00:00Z,-0.0002501972035093619,"{""is_one_way_readable"": false, ""max_backtrack"": 0.00500980113887612, ""monotonicity_score"": 0.625, ""monthly_share_end"": 0.01715300571557671, ""monthly_share_slope"": -0.00045322584805669347, ""monthly_share_start"": 0.03658413707070707, ""number_of_direction_reversals"": 9}",True,P0055B
2024-05-01T00:00:00Z,C44,profiled_load_profile_cluster,0.0011254300961500634,6720.3876490000075,5971395.0,741,train_fit,0.0012938909140848944,0.0012369830848089848,2025-05-01T00:00:00Z,-4.742319106325822e-06,"{""is_one_way_readable"": false, ""max_backtrack"": 0.00019717172966836555, ""monotonicity_score"": 0.5625, ""monthly_share_end"": 0.0008728906118300096, ""monthly_share_slope"": -6.3551997348968e-06, ""monthly_share_start"": 0.0011937244444444443, ""number_of_direction_reversals"": 13}",True,P0055B
2024-05-01T00:00:00Z,forecast_residual_metered_non_profiled,metered_non_profiled_residual_calculated,0.7959624776006275,4753006.358932,5971395.0,741,train_fit,0.7428331182529363,0.7747428045205332,2025-05-01T00:00:00Z,0.002659140522299722,"{""is_one_way_readable"": false, ""max_backtrack"": 0.03330326484037871, ""monotonicity_score"": 0.59375, ""monthly_share_end"": 0.8956644983677226, ""monthly_share_slope"": 0.0030244318450375874, ""monthly_share_start"": 0.7409625537373737, ""number_of_direction_reversals"": 11}",True,P0055B
2024-06-01T00:00:00Z,C11,profiled_load_profile_cluster,0.023905218209264553,131628.68148999996,5506274.0,718,train_fit,0.025262801556784,0.024182654927535047,2025-05-01T00:00:00Z,-9.819514811354156e-05,"{""is_one_way_readable"": false, ""max_backtrack"": 0.005972735347807272, ""monotonicity_score"": 0.625, ""monthly_share_end"": 0.018230405755095044, ""monthly_share_slope"": -0.0001130815861939554, ""monthly_share_start"": 0.02145390696969697, ""number_of_direction_reversals"": 9}",True,P0055B
2024-06-01T00:00:00Z,C12,profiled_load_profile_cluster,0.009152161923289692,50394.311242000025,5506274.0,718,train_fit,0.011692130357285896,0.010796085902944758,2025-05-01T00:00:00Z,-8.14585867582855e-05,"{""is_one_way_readable"": false, ""max_backtrack"": 0.0023510076863907416, ""monotonicity_score"": 0.6875, ""monthly_share_end"": 0.004415009303236028, ""monthly_share_slope"": -0.00015585968660691097, ""monthly_share_start"": 0.01066850404040404, ""number_of_direction_reversals"": 5}",True,P0055B
2024-06-01T00:00:00Z,C13,profiled_load_profile_cluster,0.0006019463849782994,3314.4817290000005,5506274.0,718,train_fit,0.0006640299176853781,0.0006010564507627502,2025-05-01T00:00:00Z,-5.724860629329818e-06,"{""is_one_way_readable"": false, ""max_backtrack"": 9.975957913541827e-05, ""monotonicity_score"": 0.625, ""monthly_share_end"": 4.8664420772615705e-05, ""monthly_share_slope"": -1.9710572602117474e-05, ""monthly_share_start"": 0.0006456935353535354, ""number_of_direction_reversals"": 13}",True,P0055B
2024-06-01T00:00:00Z,C14,profiled_load_profile_cluster,0.0,0.0,5506274.0,718,train_fit,0.0,0.0,2025-05-01T00:00:00Z,0.0,"{""is_one_way_readable"": true, ""max_backtrack"": 0.0, ""monotonicity_score"": 1.0, ""monthly_share_end"": 0.0, ""monthly_share_slope"": 0.0, ""monthly_share_start"": 0.0, ""number_of_direction_reversals"": 0}",True,P0055B
2024-06-01T00:00:00Z,C21,profiled_load_profile_cluster,0.013346667789143814,73490.40983400006,5506274.0,718,train_fit,0.01451567965815418,0.013387854163747069,2025-05-01T00:00:00Z,-0.0001025295904006467,"{""is_one_way_readable"": false, ""max_backtrack"": 0.0015188929639917484, ""monotonicity_score"": 0.6875, ""monthly_share_end"": 0.0008850181739114944, ""monthly_share_slope"": -0.0004759582778611064, ""monthly_share_start"": 0.015576914343434344, ""number_of_direction_reversals"": 11}",True,P0055B
2024-06-01T00:00:00Z,C22,profiled_load_profile_cluster,0.009647667377976466,53122.70004399999,5506274.0,718,train_fit,0.012159861945897838,0.010826901550233343,2025-05-01T00:00:00Z,-0.00012117821778768156,"{""is_one_way_readable"": false, ""max_backtrack"": 0.0018086111235061392, ""monotonicity_score"": 0.46875, ""monthly_share_end"": 0.00699392170700007, ""monthly_share_slope"": -6.995016826061045e-05, ""monthly_share_start"": 0.013045649393939393, ""number_of_direction_reversals"": 9}",True,P0055B
2024-06-01T00:00:00Z,C23,profiled_load_profile_cluster,0.0,0.0,5506274.0,718,train_fit,0.0,0.0,2025-05-01T00:00:00Z,0.0,"{""is_one_way_readable"": true, ""max_backtrack"": 0.0, ""monotonicity_score"": 1.0, ""monthly_share_end"": 0.0, ""monthly_share_slope"": 0.0, ""monthly_share_start"": 0.0, ""number_of_direction_reversals"": 0}",True,P0055B
2024-06-01T00:00:00Z,C24,profiled_load_profile_cluster,0.0,0.0,5506274.0,718,train_fit,0.0,0.0,2025-05-01T00:00:00Z,0.0,"{""is_one_way_readable"": true, ""max_backtrack"": 0.0, ""monotonicity_score"": 1.0, ""monthly_share_end"": 0.0, ""monthly_share_slope"": 0.0, ""monthly_share_start"": 0.0, ""number_of_direction_reversals"": 0}",True,P0055B
2024-06-01T00:00:00Z,C31,profiled_load_profile_cluster,0.005406104649350907,29767.49347200002,5506274.0,718,train_fit,0.008194069781017513,0.0074975932412460825,2025-05-01T00:00:00Z,-6.331604907013019e-05,"{""is_one_way_readable"": false, ""max_backtrack"": 0.00209824797298184, ""monotonicity_score"": 0.5, ""monthly_share_end"": 0.0, ""monthly_share_slope"": -6.197731964187812e-05, ""monthly_share_start"": 0.008729201515151516, ""number_of_direction_reversals"": 8}",True,P0055B
2024-06-01T00:00:00Z,C32,profiled_load_profile_cluster,0.0066464010919180545,36596.905525999995,5506274.0,718,train_fit,0.010341768370325384,0.008927771475925182,2025-05-01T00:00:00Z,-0.00012854517221820032,"{""is_one_way_readable"": false, ""max_backtrack"": 0.0019851063573300912, ""monotonicity_score"": 0.59375, ""monthly_share_end"": 0.005085316323406898, ""monthly_share_slope"": -8.395255457786171e-05, ""monthly_share_start"": 0.011688966363636364, ""number_of_direction_reversals"": 9}",True,P0055B
2024-06-01T00:00:00Z,C33,profiled_load_profile_cluster,0.0017722135445856892,9758.29336300002,5506274.0,718,train_fit,0.002187356855351101,0.0019829778561955614,2025-05-01T00:00:00Z,-1.8579909014139985e-05,"{""is_one_way_readable"": false, ""max_backtrack"": 0.00024614815205098233, ""monotonicity_score"": 0.5625, ""monthly_share_end"": 0.0013663004894016208, ""monthly_share_slope"": -1.2132799392451106e-05, ""monthly_share_start"": 0.002268620606060606, ""number_of_direction_reversals"": 9}",True,P0055B
2024-06-01T00:00:00Z,C34,profiled_load_profile_cluster,0.0,0.0,5506274.0,718,train_fit,0.0,0.0,2025-05-01T00:00:00Z,0.0,"{""is_one_way_readable"": true, ""max_backtrack"": 0.0, ""monotonicity_score"": 1.0, ""monthly_share_end"": 0.0, ""monthly_share_slope"": 0.0, ""monthly_share_start"": 0.0, ""number_of_direction_reversals"": 0}",True,P0055B
2024-06-01T00:00:00Z,C41,profiled_load_profile_cluster,0.0,0.0,5506274.0,718,train_fit,0.0,0.0,2025-05-01T00:00:00Z,0.0,"{""is_one_way_readable"": true, ""max_backtrack"": 0.0, ""monotonicity_score"": 1.0, ""monthly_share_end"": 0.0, ""monthly_share_slope"": 0.0, ""monthly_share_start"": 0.0, ""number_of_direction_reversals"": 0}",True,P0055B
2024-06-01T00:00:00Z,C42,profiled_load_profile_cluster,0.09507251178146958,523495.2997369996,5506274.0,718,train_fit,0.13006470826502217,0.1104333001424091,2025-05-01T00:00:00Z,-0.0017846734656921,"{""is_one_way_readable"": false, ""max_backtrack"": 0.019791080161185887, ""monotonicity_score"": 0.5625, ""monthly_share_end"": 0.0492849691320465, ""monthly_share_slope"": -0.0015722278321091134, ""monthly_share_start"": 0.13718212797979798, ""number_of_direction_reversals"": 9}",True,P0055B
2024-06-01T00:00:00Z,C43,profiled_load_profile_cluster,0.03263364994331919,179689.81820799992,5506274.0,718,train_fit,0.03813618592226189,0.03538401668365891,2025-05-01T00:00:00Z,-0.0002501972035093619,"{""is_one_way_readable"": false, ""max_backtrack"": 0.00500980113887612, ""monotonicity_score"": 0.625, ""monthly_share_end"": 0.01715300571557671, ""monthly_share_slope"": -0.00045322584805669347, ""monthly_share_start"": 0.03658413707070707, ""number_of_direction_reversals"": 9}",True,P0055B
2024-06-01T00:00:00Z,C44,profiled_load_profile_cluster,0.0011239980830957538,6189.041420999989,5506274.0,718,train_fit,0.0012891485949785685,0.0012369830848089848,2025-05-01T00:00:00Z,-4.742319106325822e-06,"{""is_one_way_readable"": false, ""max_backtrack"": 0.00019717172966836555, ""monotonicity_score"": 0.5625, ""monthly_share_end"": 0.0008728906118300096, ""monthly_share_slope"": -6.3551997348968e-06, ""monthly_share_start"": 0.0011937244444444443, ""number_of_direction_reversals"": 13}",True,P0055B
2024-06-01T00:00:00Z,forecast_residual_metered_non_profiled,metered_non_profiled_residual_calculated,0.8006914592216078,4408826.563933999,5506274.0,718,train_fit,0.7454922587752361,0.7747428045205332,2025-05-01T00:00:00Z,0.002659140522299722,"{""is_one_way_readable"": false, ""max_backtrack"": 0.03330326484037871, ""monotonicity_score"": 0.59375, ""monthly_share_end"": 0.8956644983677226, ""monthly_share_slope"": 0.0030244318450375874, ""monthly_share_start"": 0.7409625537373737, ""number_of_direction_reversals"": 11}",True,P0055B
2024-07-01T00:00:00Z,C11,profiled_load_profile_cluster,0.023262405451909798,122472.70314500006,5264834.0,741,train_fit,0.025164606408670458,0.024182654927535047,2025-05-01T00:00:00Z,-9.819514811354156e-05,"{""is_one_way_readable"": false, ""max_backtrack"": 0.005972735347807272, ""monotonicity_score"": 0.625, ""monthly_share_end"": 0.018230405755095044, ""monthly_share_slope"": -0.0001130815861939554, ""monthly_share_start"": 0.02145390696969697, ""number_of_direction_reversals"": 9}",True,P0055B
2024-07-01T00:00:00Z,C12,profiled_load_profile_cluster,0.00885699273500361,46630.59648899999,5264834.0,741,train_fit,0.01161067177052761,0.010796085902944758,2025-05-01T00:00:00Z,-8.14585867582855e-05,"{""is_one_way_readable"": false, ""max_backtrack"": 0.0023510076863907416, ""monotonicity_score"": 0.6875, ""monthly_share_end"": 0.004415009303236028, ""monthly_share_slope"": -0.00015585968660691097, ""monthly_share_start"": 0.01066850404040404, ""number_of_direction_reversals"": 5}",True,P0055B
2024-07-01T00:00:00Z,C13,profiled_load_profile_cluster,0.0006203667143161598,3266.127770000005,5264834.0,741,train_fit,0.0006583050570560483,0.0006010564507627502,2025-05-01T00:00:00Z,-5.724860629329818e-06,"{""is_one_way_readable"": false, ""max_backtrack"": 9.975957913541827e-05, ""monotonicity_score"": 0.625, ""monthly_share_end"": 4.8664420772615705e-05, ""monthly_share_slope"": -1.9710572602117474e-05, ""monthly_share_start"": 0.0006456935353535354, ""number_of_direction_reversals"": 13}",True,P0055B
2024-07-01T00:00:00Z,C14,profiled_load_profile_cluster,0.0,0.0,5264834.0,741,train_fit,0.0,0.0,2025-05-01T00:00:00Z,0.0,"{""is_one_way_readable"": true, ""max_backtrack"": 0.0, ""monotonicity_score"": 1.0, ""monthly_share_end"": 0.0, ""monthly_share_slope"": 0.0, ""monthly_share_start"": 0.0, ""number_of_direction_reversals"": 0}",True,P0055B
2024-07-01T00:00:00Z,C21,profiled_load_profile_cluster,0.013302301295729365,70034.40814000001,5264834.0,741,train_fit,0.014413150067753533,0.013387854163747069,2025-05-01T00:00:00Z,-0.0001025295904006467,"{""is_one_way_readable"": false, ""max_backtrack"": 0.0015188929639917484, ""monotonicity_score"": 0.6875, ""monthly_share_end"": 0.0008850181739114944, ""monthly_share_slope"": -0.0004759582778611064, ""monthly_share_start"": 0.015576914343434344, ""number_of_direction_reversals"": 11}",True,P0055B
2024-07-01T00:00:00Z,C22,profiled_load_profile_cluster,0.00985211834162293,51869.76761700001,5264834.0,741,train_fit,0.012038683728110157,0.010826901550233343,2025-05-01T00:00:00Z,-0.00012117821778768156,"{""is_one_way_readable"": false, ""max_backtrack"": 0.0018086111235061392, ""monotonicity_score"": 0.46875, ""monthly_share_end"": 0.00699392170700007, ""monthly_share_slope"": -6.995016826061045e-05, ""monthly_share_start"": 0.013045649393939393, ""number_of_direction_reversals"": 9}",True,P0055B
2024-07-01T00:00:00Z,C23,profiled_load_profile_cluster,0.0,0.0,5264834.0,741,train_fit,0.0,0.0,2025-05-01T00:00:00Z,0.0,"{""is_one_way_readable"": true, ""max_backtrack"": 0.0, ""monotonicity_score"": 1.0, ""monthly_share_end"": 0.0, ""monthly_share_slope"": 0.0, ""monthly_share_start"": 0.0, ""number_of_direction_reversals"": 0}",True,P0055B
2024-07-01T00:00:00Z,C24,profiled_load_profile_cluster,0.0,0.0,5264834.0,741,train_fit,0.0,0.0,2025-05-01T00:00:00Z,0.0,"{""is_one_way_readable"": true, ""max_backtrack"": 0.0, ""monotonicity_score"": 1.0, ""monthly_share_end"": 0.0, ""monthly_share_slope"": 0.0, ""monthly_share_start"": 0.0, ""number_of_direction_reversals"": 0}",True,P0055B
2024-07-01T00:00:00Z,C31,profiled_load_profile_cluster,0.006485852149374511,34146.934915000005,5264834.0,741,train_fit,0.008130753731947382,0.0074975932412460825,2025-05-01T00:00:00Z,-6.331604907013019e-05,"{""is_one_way_readable"": false, ""max_backtrack"": 0.00209824797298184, ""monotonicity_score"": 0.5, ""monthly_share_end"": 0.0, ""monthly_share_slope"": -6.197731964187812e-05, ""monthly_share_start"": 0.008729201515151516, ""number_of_direction_reversals"": 8}",True,P0055B
2024-07-01T00:00:00Z,C32,profiled_load_profile_cluster,0.007196843898402118,37890.188449000016,5264834.0,741,train_fit,0.010213223198107184,0.008927771475925182,2025-05-01T00:00:00Z,-0.00012854517221820032,"{""is_one_way_readable"": false, ""max_backtrack"": 0.0019851063573300912, ""monotonicity_score"": 0.59375, ""monthly_share_end"": 0.005085316323406898, ""monthly_share_slope"": -8.395255457786171e-05, ""monthly_share_start"": 0.011688966363636364, ""number_of_direction_reversals"": 9}",True,P0055B
2024-07-01T00:00:00Z,C33,profiled_load_profile_cluster,0.0018555779262935937,9769.309756000006,5264834.0,741,train_fit,0.0021687769463369605,0.0019829778561955614,2025-05-01T00:00:00Z,-1.8579909014139985e-05,"{""is_one_way_readable"": false, ""max_backtrack"": 0.00024614815205098233, ""monotonicity_score"": 0.5625, ""monthly_share_end"": 0.0013663004894016208, ""monthly_share_slope"": -1.2132799392451106e-05, ""monthly_share_start"": 0.002268620606060606, ""number_of_direction_reversals"": 9}",True,P0055B
2024-07-01T00:00:00Z,C34,profiled_load_profile_cluster,0.0,0.0,5264834.0,741,train_fit,0.0,0.0,2025-05-01T00:00:00Z,0.0,"{""is_one_way_readable"": true, ""max_backtrack"": 0.0, ""monotonicity_score"": 1.0, ""monthly_share_end"": 0.0, ""monthly_share_slope"": 0.0, ""monthly_share_start"": 0.0, ""number_of_direction_reversals"": 0}",True,P0055B
2024-07-01T00:00:00Z,C41,profiled_load_profile_cluster,0.0,0.0,5264834.0,741,train_fit,0.0,0.0,2025-05-01T00:00:00Z,0.0,"{""is_one_way_readable"": true, ""max_backtrack"": 0.0, ""monotonicity_score"": 1.0, ""monthly_share_end"": 0.0, ""monthly_share_slope"": 0.0, ""monthly_share_start"": 0.0, ""number_of_direction_reversals"": 0}",True,P0055B
2024-07-01T00:00:00Z,C42,profiled_load_profile_cluster,0.09744885603287766,513052.0505029994,5264834.0,741,train_fit,0.12828003479933006,0.1104333001424091,2025-05-01T00:00:00Z,-0.0017846734656921,"{""is_one_way_readable"": false, ""max_backtrack"": 0.019791080161185887, ""monotonicity_score"": 0.5625, ""monthly_share_end"": 0.0492849691320465, ""monthly_share_slope"": -0.0015722278321091134, ""monthly_share_start"": 0.13718212797979798, ""number_of_direction_reversals"": 9}",True,P0055B
2024-07-01T00:00:00Z,C43,profiled_load_profile_cluster,0.033813860746796556,178024.3637309999,5264834.0,741,train_fit,0.037885988718752525,0.03538401668365891,2025-05-01T00:00:00Z,-0.0002501972035093619,"{""is_one_way_readable"": false, ""max_backtrack"": 0.00500980113887612, ""monotonicity_score"": 0.625, ""monthly_share_end"": 0.01715300571557671, ""monthly_share_slope"": -0.00045322584805669347, ""monthly_share_start"": 0.03658413707070707, ""number_of_direction_reversals"": 9}",True,P0055B
2024-07-01T00:00:00Z,C44,profiled_load_profile_cluster,0.001178641333990778,6205.350969000004,5264834.0,741,train_fit,0.0012844062758722427,0.0012369830848089848,2025-05-01T00:00:00Z,-4.742319106325822e-06,"{""is_one_way_readable"": false, ""max_backtrack"": 0.00019717172966836555, ""monotonicity_score"": 0.5625, ""monthly_share_end"": 0.0008728906118300096, ""monthly_share_slope"": -6.3551997348968e-06, ""monthly_share_start"": 0.0011937244444444443, ""number_of_direction_reversals"": 13}",True,P0055B
2024-07-01T00:00:00Z,forecast_residual_metered_non_profiled,metered_non_profiled_residual_calculated,0.7961261833736815,4191472.198515993,5264834.0,741,train_fit,0.7481513992975358,0.7747428045205332,2025-05-01T00:00:00Z,0.002659140522299722,"{""is_one_way_readable"": false, ""max_backtrack"": 0.03330326484037871, ""monotonicity_score"": 0.59375, ""monthly_share_end"": 0.8956644983677226, ""monthly_share_slope"": 0.0030244318450375874, ""monthly_share_start"": 0.7409625537373737, ""number_of_direction_reversals"": 11}",True,P0055B
2024-08-01T00:00:00Z,C11,profiled_load_profile_cluster,0.02297618690352633,130368.65365699996,5674077.0,744,train_fit,0.02506641126055692,0.024182654927535047,2025-05-01T00:00:00Z,-9.819514811354156e-05,"{""is_one_way_readable"": false, ""max_backtrack"": 0.005972735347807272, ""monotonicity_score"": 0.625, ""monthly_share_end"": 0.018230405755095044, ""monthly_share_slope"": -0.0001130815861939554, ""monthly_share_start"": 0.02145390696969697, ""number_of_direction_reversals"": 9}",True,P0055B
2024-08-01T00:00:00Z,C12,profiled_load_profile_cluster,0.008515220799964465,48316.018490999966,5674077.0,744,train_fit,0.011529213183769328,0.010796085902944758,2025-05-01T00:00:00Z,-8.14585867582855e-05,"{""is_one_way_readable"": false, ""max_backtrack"": 0.0023510076863907416, ""monotonicity_score"": 0.6875, ""monthly_share_end"": 0.004415009303236028, ""monthly_share_slope"": -0.00015585968660691097, ""monthly_share_start"": 0.01066850404040404, ""number_of_direction_reversals"": 5}",True,P0055B
2024-08-01T00:00:00Z,C13,profiled_load_profile_cluster,0.000598743635660919,3397.317492,5674077.0,744,train_fit,0.0006525801964267186,0.0006010564507627502,2025-05-01T00:00:00Z,-5.724860629329818e-06,"{""is_one_way_readable"": false, ""max_backtrack"": 9.975957913541827e-05, ""monotonicity_score"": 0.625, ""monthly_share_end"": 4.8664420772615705e-05, ""monthly_share_slope"": -1.9710572602117474e-05, ""monthly_share_start"": 0.0006456935353535354, ""number_of_direction_reversals"": 13}",True,P0055B
2024-08-01T00:00:00Z,C14,profiled_load_profile_cluster,0.0,0.0,5674077.0,744,train_fit,0.0,0.0,2025-05-01T00:00:00Z,0.0,"{""is_one_way_readable"": true, ""max_backtrack"": 0.0, ""monotonicity_score"": 1.0, ""monthly_share_end"": 0.0, ""monthly_share_slope"": 0.0, ""monthly_share_start"": 0.0, ""number_of_direction_reversals"": 0}",True,P0055B
2024-08-01T00:00:00Z,C21,profiled_load_profile_cluster,0.013155158440747288,74643.38194000005,5674077.0,744,train_fit,0.014310620477352888,0.013387854163747069,2025-05-01T00:00:00Z,-0.0001025295904006467,"{""is_one_way_readable"": false, ""max_backtrack"": 0.0015188929639917484, ""monotonicity_score"": 0.6875, ""monthly_share_end"": 0.0008850181739114944, ""monthly_share_slope"": -0.0004759582778611064, ""monthly_share_start"": 0.015576914343434344, ""number_of_direction_reversals"": 11}",True,P0055B
2024-08-01T00:00:00Z,C22,profiled_load_profile_cluster,0.009208897003688883,52251.990684000004,5674077.0,744,train_fit,0.011917505510322477,0.010826901550233343,2025-05-01T00:00:00Z,-0.00012117821778768156,"{""is_one_way_readable"": false, ""max_backtrack"": 0.0018086111235061392, ""monotonicity_score"": 0.46875, ""monthly_share_end"": 0.00699392170700007, ""monthly_share_slope"": -6.995016826061045e-05, ""monthly_share_start"": 0.013045649393939393, ""number_of_direction_reversals"": 9}",True,P0055B
2024-08-01T00:00:00Z,C23,profiled_load_profile_cluster,0.0,0.0,5674077.0,744,train_fit,0.0,0.0,2025-05-01T00:00:00Z,0.0,"{""is_one_way_readable"": true, ""max_backtrack"": 0.0, ""monotonicity_score"": 1.0, ""monthly_share_end"": 0.0, ""monthly_share_slope"": 0.0, ""monthly_share_start"": 0.0, ""number_of_direction_reversals"": 0}",True,P0055B
2024-08-01T00:00:00Z,C24,profiled_load_profile_cluster,0.0,0.0,5674077.0,744,train_fit,0.0,0.0,2025-05-01T00:00:00Z,0.0,"{""is_one_way_readable"": true, ""max_backtrack"": 0.0, ""monotonicity_score"": 1.0, ""monthly_share_end"": 0.0, ""monthly_share_slope"": 0.0, ""monthly_share_start"": 0.0, ""number_of_direction_reversals"": 0}",True,P0055B
2024-08-01T00:00:00Z,C31,profiled_load_profile_cluster,0.005853286564316982,33211.99866900001,5674077.0,744,train_fit,0.008067437682877255,0.0074975932412460825,2025-05-01T00:00:00Z,-6.331604907013019e-05,"{""is_one_way_readable"": false, ""max_backtrack"": 0.00209824797298184, ""monotonicity_score"": 0.5, ""monthly_share_end"": 0.0, ""monthly_share_slope"": -6.197731964187812e-05, ""monthly_share_start"": 0.008729201515151516, ""number_of_direction_reversals"": 8}",True,P0055B
2024-08-01T00:00:00Z,C32,profiled_load_profile_cluster,0.006835004509632141,38782.34188300001,5674077.0,744,train_fit,0.010084678025888985,0.008927771475925182,2025-05-01T00:00:00Z,-0.00012854517221820032,"{""is_one_way_readable"": false, ""max_backtrack"": 0.0019851063573300912, ""monotonicity_score"": 0.59375, ""monthly_share_end"": 0.005085316323406898, ""monthly_share_slope"": -8.395255457786171e-05, ""monthly_share_start"": 0.011688966363636364, ""number_of_direction_reversals"": 9}",True,P0055B
2024-08-01T00:00:00Z,C33,profiled_load_profile_cluster,0.0017867321541459522,10138.055821000002,5674077.0,744,train_fit,0.002150197037322821,0.0019829778561955614,2025-05-01T00:00:00Z,-1.8579909014139985e-05,"{""is_one_way_readable"": false, ""max_backtrack"": 0.00024614815205098233, ""monotonicity_score"": 0.5625, ""monthly_share_end"": 0.0013663004894016208, ""monthly_share_slope"": -1.2132799392451106e-05, ""monthly_share_start"": 0.002268620606060606, ""number_of_direction_reversals"": 9}",True,P0055B
2024-08-01T00:00:00Z,C34,profiled_load_profile_cluster,0.0,0.0,5674077.0,744,train_fit,0.0,0.0,2025-05-01T00:00:00Z,0.0,"{""is_one_way_readable"": true, ""max_backtrack"": 0.0, ""monotonicity_score"": 1.0, ""monthly_share_end"": 0.0, ""monthly_share_slope"": 0.0, ""monthly_share_start"": 0.0, ""number_of_direction_reversals"": 0}",True,P0055B
2024-08-01T00:00:00Z,C41,profiled_load_profile_cluster,0.0,0.0,5674077.0,744,train_fit,0.0,0.0,2025-05-01T00:00:00Z,0.0,"{""is_one_way_readable"": true, ""max_backtrack"": 0.0, ""monotonicity_score"": 1.0, ""monthly_share_end"": 0.0, ""monthly_share_slope"": 0.0, ""monthly_share_start"": 0.0, ""number_of_direction_reversals"": 0}",True,P0055B
2024-08-01T00:00:00Z,C42,profiled_load_profile_cluster,0.09164115396089978,519978.96394300036,5674077.0,744,train_fit,0.126495361333638,0.1104333001424091,2025-05-01T00:00:00Z,-0.0017846734656921,"{""is_one_way_readable"": false, ""max_backtrack"": 0.019791080161185887, ""monotonicity_score"": 0.5625, ""monthly_share_end"": 0.0492849691320465, ""monthly_share_slope"": -0.0015722278321091134, ""monthly_share_start"": 0.13718212797979798, ""number_of_direction_reversals"": 9}",True,P0055B
2024-08-01T00:00:00Z,C43,profiled_load_profile_cluster,0.03255382099767064,184712.88698500002,5674077.0,744,train_fit,0.03763579151524317,0.03538401668365891,2025-05-01T00:00:00Z,-0.0002501972035093619,"{""is_one_way_readable"": false, ""max_backtrack"": 0.00500980113887612, ""monotonicity_score"": 0.625, ""monthly_share_end"": 0.01715300571557671, ""monthly_share_slope"": -0.00045322584805669347, ""monthly_share_start"": 0.03658413707070707, ""number_of_direction_reversals"": 9}",True,P0055B
2024-08-01T00:00:00Z,C44,profiled_load_profile_cluster,0.0011253191100508513,6385.147280000004,5674077.0,744,train_fit,0.001279663956765917,0.0012369830848089848,2025-05-01T00:00:00Z,-4.742319106325822e-06,"{""is_one_way_readable"": false, ""max_backtrack"": 0.00019717172966836555, ""monotonicity_score"": 0.5625, ""monthly_share_end"": 0.0008728906118300096, ""monthly_share_slope"": -6.3551997348968e-06, ""monthly_share_start"": 0.0011937244444444443, ""number_of_direction_reversals"": 13}",True,P0055B
2024-08-01T00:00:00Z,forecast_residual_metered_non_profiled,metered_non_profiled_residual_calculated,0.805750475919696,4571890.243155001,5674077.0,744,train_fit,0.7508105398198356,0.7747428045205332,2025-05-01T00:00:00Z,0.002659140522299722,"{""is_one_way_readable"": false, ""max_backtrack"": 0.03330326484037871, ""monotonicity_score"": 0.59375, ""monthly_share_end"": 0.8956644983677226, ""monthly_share_slope"": 0.0030244318450375874, ""monthly_share_start"": 0.7409625537373737, ""number_of_direction_reversals"": 11}",True,P0055B
2024-09-01T00:00:00Z,C11,profiled_load_profile_cluster,0.02385463129473999,140567.18393599996,5892658.0,719,train_fit,0.024968216112443375,0.024182654927535047,2025-05-01T00:00:00Z,-9.819514811354156e-05,"{""is_one_way_readable"": false, ""max_backtrack"": 0.005972735347807272, ""monotonicity_score"": 0.625, ""monthly_share_end"": 0.018230405755095044, ""monthly_share_slope"": -0.0001130815861939554, ""monthly_share_start"": 0.02145390696969697, ""number_of_direction_reversals"": 9}",True,P0055B
2024-09-01T00:00:00Z,C12,profiled_load_profile_cluster,0.009057700424833753,53373.93087000001,5892658.0,719,train_fit,0.011447754597011039,0.010796085902944758,2025-05-01T00:00:00Z,-8.14585867582855e-05,"{""is_one_way_readable"": false, ""max_backtrack"": 0.0023510076863907416, ""monotonicity_score"": 0.6875, ""monthly_share_end"": 0.004415009303236028, ""monthly_share_slope"": -0.00015585968660691097, ""monthly_share_start"": 0.01066850404040404, ""number_of_direction_reversals"": 5}",True,P0055B
2024-09-01T00:00:00Z,C13,profiled_load_profile_cluster,0.0006008444199544587,3540.5706780000005,5892658.0,719,train_fit,0.0006468553357973887,0.0006010564507627502,2025-05-01T00:00:00Z,-5.724860629329818e-06,"{""is_one_way_readable"": false, ""max_backtrack"": 9.975957913541827e-05, ""monotonicity_score"": 0.625, ""monthly_share_end"": 4.8664420772615705e-05, ""monthly_share_slope"": -1.9710572602117474e-05, ""monthly_share_start"": 0.0006456935353535354, ""number_of_direction_reversals"": 13}",True,P0055B
2024-09-01T00:00:00Z,C14,profiled_load_profile_cluster,0.0,0.0,5892658.0,719,train_fit,0.0,0.0,2025-05-01T00:00:00Z,0.0,"{""is_one_way_readable"": true, ""max_backtrack"": 0.0, ""monotonicity_score"": 1.0, ""monthly_share_end"": 0.0, ""monthly_share_slope"": 0.0, ""monthly_share_start"": 0.0, ""number_of_direction_reversals"": 0}",True,P0055B
2024-09-01T00:00:00Z,C21,profiled_load_profile_cluster,0.013273057804814055,78213.59025799998,5892658.0,719,train_fit,0.01420809088695224,0.013387854163747069,2025-05-01T00:00:00Z,-0.0001025295904006467,"{""is_one_way_readable"": false, ""max_backtrack"": 0.0015188929639917484, ""monotonicity_score"": 0.6875, ""monthly_share_end"": 0.0008850181739114944, ""monthly_share_slope"": -0.0004759582778611064, ""monthly_share_start"": 0.015576914343434344, ""number_of_direction_reversals"": 11}",True,P0055B
2024-09-01T00:00:00Z,C22,profiled_load_profile_cluster,0.009501026055983568,55986.29719700002,5892658.0,719,train_fit,0.011796327292534794,0.010826901550233343,2025-05-01T00:00:00Z,-0.00012117821778768156,"{""is_one_way_readable"": false, ""max_backtrack"": 0.0018086111235061392, ""monotonicity_score"": 0.46875, ""monthly_share_end"": 0.00699392170700007, ""monthly_share_slope"": -6.995016826061045e-05, ""monthly_share_start"": 0.013045649393939393, ""number_of_direction_reversals"": 9}",True,P0055B
2024-09-01T00:00:00Z,C23,profiled_load_profile_cluster,0.0,0.0,5892658.0,719,train_fit,0.0,0.0,2025-05-01T00:00:00Z,0.0,"{""is_one_way_readable"": true, ""max_backtrack"": 0.0, ""monotonicity_score"": 1.0, ""monthly_share_end"": 0.0, ""monthly_share_slope"": 0.0, ""monthly_share_start"": 0.0, ""number_of_direction_reversals"": 0}",True,P0055B
2024-09-01T00:00:00Z,C24,profiled_load_profile_cluster,0.0,0.0,5892658.0,719,train_fit,0.0,0.0,2025-05-01T00:00:00Z,0.0,"{""is_one_way_readable"": true, ""max_backtrack"": 0.0, ""monotonicity_score"": 1.0, ""monthly_share_end"": 0.0, ""monthly_share_slope"": 0.0, ""monthly_share_start"": 0.0, ""number_of_direction_reversals"": 0}",True,P0055B
2024-09-01T00:00:00Z,C31,profiled_load_profile_cluster,0.006578915392340772,38767.29841799999,5892658.0,719,train_fit,0.008004121633807123,0.0074975932412460825,2025-05-01T00:00:00Z,-6.331604907013019e-05,"{""is_one_way_readable"": false, ""max_backtrack"": 0.00209824797298184, ""monotonicity_score"": 0.5, ""monthly_share_end"": 0.0, ""monthly_share_slope"": -6.197731964187812e-05, ""monthly_share_start"": 0.008729201515151516, ""number_of_direction_reversals"": 8}",True,P0055B
2024-09-01T00:00:00Z,C32,profiled_load_profile_cluster,0.0075711762830966926,44614.35249399999,5892658.0,719,train_fit,0.009956132853670783,0.008927771475925182,2025-05-01T00:00:00Z,-0.00012854517221820032,"{""is_one_way_readable"": false, ""max_backtrack"": 0.0019851063573300912, ""monotonicity_score"": 0.59375, ""monthly_share_end"": 0.005085316323406898, ""monthly_share_slope"": -8.395255457786171e-05, ""monthly_share_start"": 0.011688966363636364, ""number_of_direction_reversals"": 9}",True,P0055B
2024-09-01T00:00:00Z,C33,profiled_load_profile_cluster,0.001856638866365568,10940.537868999994,5892658.0,719,train_fit,0.0021316171283086807,0.0019829778561955614,2025-05-01T00:00:00Z,-1.8579909014139985e-05,"{""is_one_way_readable"": false, ""max_backtrack"": 0.00024614815205098233, ""monotonicity_score"": 0.5625, ""monthly_share_end"": 0.0013663004894016208, ""monthly_share_slope"": -1.2132799392451106e-05, ""monthly_share_start"": 0.002268620606060606, ""number_of_direction_reversals"": 9}",True,P0055B
2024-09-01T00:00:00Z,C34,profiled_load_profile_cluster,0.0,0.0,5892658.0,719,train_fit,0.0,0.0,2025-05-01T00:00:00Z,0.0,"{""is_one_way_readable"": true, ""max_backtrack"": 0.0, ""monotonicity_score"": 1.0, ""monthly_share_end"": 0.0, ""monthly_share_slope"": 0.0, ""monthly_share_start"": 0.0, ""number_of_direction_reversals"": 0}",True,P0055B
2024-09-01T00:00:00Z,C41,profiled_load_profile_cluster,0.0,0.0,5892658.0,719,train_fit,0.0,0.0,2025-05-01T00:00:00Z,0.0,"{""is_one_way_readable"": true, ""max_backtrack"": 0.0, ""monotonicity_score"": 1.0, ""monthly_share_end"": 0.0, ""monthly_share_slope"": 0.0, ""monthly_share_start"": 0.0, ""number_of_direction_reversals"": 0}",True,P0055B
