area_code,elapsed_seconds,feature_count,forecast_rows,forecast_rows_162h,forecast_rows_168h,model_id,phase,status,timestamp,train_rows,week_id
SE1,3.0,48,166,,,B_weekly_HGB_no_price,train,done,2026-06-08T09:47:49Z,25914,2025-W23
SE1,0.0,,,161,166,B_weekly_HGB_no_price,test,done,2026-06-08T09:47:49Z,,2025-W23
SE1,2.0,48,167,,,B_weekly_HGB_no_price,train,done,2026-06-08T09:47:51Z,26080,2025-W24
SE1,0.0,,,161,167,B_weekly_HGB_no_price,test,done,2026-06-08T09:47:51Z,,2025-W24
SE1,2.0,48,168,,,B_weekly_HGB_no_price,train,done,2026-06-08T09:47:53Z,26247,2025-W25
SE1,0.0,,,162,168,B_weekly_HGB_no_price,test,done,2026-06-08T09:47:53Z,,2025-W25
SE1,2.0,48,167,,,B_weekly_HGB_no_price,train,done,2026-06-08T09:47:55Z,26415,2025-W26
SE1,0.0,,,161,167,B_weekly_HGB_no_price,test,done,2026-06-08T09:47:55Z,,2025-W26
SE1,2.0,48,166,,,B_weekly_HGB_no_price,train,done,2026-06-08T09:47:57Z,26582,2025-W27
SE1,0.0,,,160,166,B_weekly_HGB_no_price,test,done,2026-06-08T09:47:57Z,,2025-W27
SE1,2.0,48,168,,,B_weekly_HGB_no_price,train,done,2026-06-08T09:47:59Z,26748,2025-W28
SE1,0.0,,,162,168,B_weekly_HGB_no_price,test,done,2026-06-08T09:47:59Z,,2025-W28
SE1,2.0,48,166,,,B_weekly_HGB_no_price,train,done,2026-06-08T09:48:01Z,26916,2025-W29
SE1,0.0,,,160,166,B_weekly_HGB_no_price,test,done,2026-06-08T09:48:01Z,,2025-W29
SE1,2.0,48,168,,,B_weekly_HGB_no_price,train,done,2026-06-08T09:48:03Z,27082,2025-W30
SE1,0.0,,,162,168,B_weekly_HGB_no_price,test,done,2026-06-08T09:48:03Z,,2025-W30
SE1,2.0,48,167,,,B_weekly_HGB_no_price,train,done,2026-06-08T09:48:05Z,27250,2025-W31
SE1,0.0,,,161,167,B_weekly_HGB_no_price,test,done,2026-06-08T09:48:05Z,,2025-W31
SE1,2.0,48,168,,,B_weekly_HGB_no_price,train,done,2026-06-08T09:48:07Z,27417,2025-W32
SE1,0.0,,,162,168,B_weekly_HGB_no_price,test,done,2026-06-08T09:48:07Z,,2025-W32
SE1,3.0,48,167,,,B_weekly_HGB_no_price,train,done,2026-06-08T09:48:10Z,27585,2025-W33
SE1,0.0,,,161,167,B_weekly_HGB_no_price,test,done,2026-06-08T09:48:10Z,,2025-W33
SE1,2.0,48,168,,,B_weekly_HGB_no_price,train,done,2026-06-08T09:48:12Z,27752,2025-W34
SE1,0.0,,,162,168,B_weekly_HGB_no_price,test,done,2026-06-08T09:48:12Z,,2025-W34
SE1,2.0,48,168,,,B_weekly_HGB_no_price,train,done,2026-06-08T09:48:14Z,27920,2025-W35
SE1,0.0,,,162,168,B_weekly_HGB_no_price,test,done,2026-06-08T09:48:14Z,,2025-W35
SE1,2.0,48,168,,,B_weekly_HGB_no_price,train,done,2026-06-08T09:48:16Z,28088,2025-W36
SE1,0.0,,,162,168,B_weekly_HGB_no_price,test,done,2026-06-08T09:48:16Z,,2025-W36
SE1,2.0,48,168,,,B_weekly_HGB_no_price,train,done,2026-06-08T09:48:18Z,28256,2025-W37
SE1,0.0,,,162,168,B_weekly_HGB_no_price,test,done,2026-06-08T09:48:18Z,,2025-W37
SE1,3.0,48,168,,,B_weekly_HGB_no_price,train,done,2026-06-08T09:48:21Z,28424,2025-W38
SE1,0.0,,,162,168,B_weekly_HGB_no_price,test,done,2026-06-08T09:48:21Z,,2025-W38
SE1,2.0,48,168,,,B_weekly_HGB_no_price,train,done,2026-06-08T09:48:23Z,28592,2025-W39
SE1,0.0,,,162,168,B_weekly_HGB_no_price,test,done,2026-06-08T09:48:23Z,,2025-W39
SE1,2.0,48,166,,,B_weekly_HGB_no_price,train,done,2026-06-08T09:48:25Z,28760,2025-W40
SE1,0.0,,,160,166,B_weekly_HGB_no_price,test,done,2026-06-08T09:48:25Z,,2025-W40
SE1,2.0,48,166,,,B_weekly_HGB_no_price,train,done,2026-06-08T09:48:27Z,28926,2025-W41
SE1,0.0,,,160,166,B_weekly_HGB_no_price,test,done,2026-06-08T09:48:27Z,,2025-W41
SE1,2.0,48,167,,,B_weekly_HGB_no_price,train,done,2026-06-08T09:48:29Z,29092,2025-W42
SE1,0.0,,,161,167,B_weekly_HGB_no_price,test,done,2026-06-08T09:48:29Z,,2025-W42
SE1,3.0,48,167,,,B_weekly_HGB_no_price,train,done,2026-06-08T09:48:32Z,29259,2025-W43
SE1,0.0,,,161,167,B_weekly_HGB_no_price,test,done,2026-06-08T09:48:32Z,,2025-W43
SE1,2.0,48,167,,,B_weekly_HGB_no_price,train,done,2026-06-08T09:48:34Z,29426,2025-W44
SE1,0.0,,,161,167,B_weekly_HGB_no_price,test,done,2026-06-08T09:48:34Z,,2025-W44
SE1,2.0,48,168,,,B_weekly_HGB_no_price,train,done,2026-06-08T09:48:36Z,29593,2025-W45
SE1,0.0,,,162,168,B_weekly_HGB_no_price,test,done,2026-06-08T09:48:36Z,,2025-W45
SE1,2.0,48,166,,,B_weekly_HGB_no_price,train,done,2026-06-08T09:48:38Z,29761,2025-W46
SE1,0.0,,,160,166,B_weekly_HGB_no_price,test,done,2026-06-08T09:48:38Z,,2025-W46
SE1,3.0,48,167,,,B_weekly_HGB_no_price,train,done,2026-06-08T09:48:41Z,29927,2025-W47
SE1,0.0,,,161,167,B_weekly_HGB_no_price,test,done,2026-06-08T09:48:41Z,,2025-W47
SE1,2.0,48,168,,,B_weekly_HGB_no_price,train,done,2026-06-08T09:48:43Z,30094,2025-W48
SE1,0.0,,,162,168,B_weekly_HGB_no_price,test,done,2026-06-08T09:48:43Z,,2025-W48
SE1,2.0,48,168,,,B_weekly_HGB_no_price,train,done,2026-06-08T09:48:45Z,30262,2025-W49
SE1,0.0,,,162,168,B_weekly_HGB_no_price,test,done,2026-06-08T09:48:45Z,,2025-W49
SE1,3.0,48,168,,,B_weekly_HGB_no_price,train,done,2026-06-08T09:48:48Z,30430,2025-W50
SE1,0.0,,,162,168,B_weekly_HGB_no_price,test,done,2026-06-08T09:48:48Z,,2025-W50
SE1,2.0,48,168,,,B_weekly_HGB_no_price,train,done,2026-06-08T09:48:50Z,30598,2025-W51
SE1,0.0,,,162,168,B_weekly_HGB_no_price,test,done,2026-06-08T09:48:50Z,,2025-W51
SE1,2.0,48,168,,,B_weekly_HGB_no_price,train,done,2026-06-08T09:48:52Z,30766,2025-W52
SE1,0.0,,,162,168,B_weekly_HGB_no_price,test,done,2026-06-08T09:48:52Z,,2025-W52
SE1,3.0,48,168,,,B_weekly_HGB_no_price,train,done,2026-06-08T09:48:55Z,30934,2026-W01
SE1,0.0,,,162,168,B_weekly_HGB_no_price,test,done,2026-06-08T09:48:55Z,,2026-W01
SE1,2.0,48,168,,,B_weekly_HGB_no_price,train,done,2026-06-08T09:48:57Z,31102,2026-W02
SE1,0.0,,,162,168,B_weekly_HGB_no_price,test,done,2026-06-08T09:48:57Z,,2026-W02
SE1,2.0,48,168,,,B_weekly_HGB_no_price,train,done,2026-06-08T09:48:59Z,31270,2026-W03
SE1,0.0,,,162,168,B_weekly_HGB_no_price,test,done,2026-06-08T09:48:59Z,,2026-W03
SE1,3.0,48,168,,,B_weekly_HGB_no_price,train,done,2026-06-08T09:49:02Z,31438,2026-W04
SE1,0.0,,,162,168,B_weekly_HGB_no_price,test,done,2026-06-08T09:49:02Z,,2026-W04
SE1,2.0,48,168,,,B_weekly_HGB_no_price,train,done,2026-06-08T09:49:04Z,31606,2026-W05
SE1,0.0,,,162,168,B_weekly_HGB_no_price,test,done,2026-06-08T09:49:04Z,,2026-W05
SE1,2.0,48,168,,,B_weekly_HGB_no_price,train,done,2026-06-08T09:49:06Z,31774,2026-W06
SE1,0.0,,,162,168,B_weekly_HGB_no_price,test,done,2026-06-08T09:49:06Z,,2026-W06
SE1,3.0,48,168,,,B_weekly_HGB_no_price,train,done,2026-06-08T09:49:09Z,31942,2026-W07
SE1,0.0,,,162,168,B_weekly_HGB_no_price,test,done,2026-06-08T09:49:09Z,,2026-W07
SE1,2.0,48,168,,,B_weekly_HGB_no_price,train,done,2026-06-08T09:49:11Z,32110,2026-W08
SE1,0.0,,,162,168,B_weekly_HGB_no_price,test,done,2026-06-08T09:49:11Z,,2026-W08
SE1,3.0,48,168,,,B_weekly_HGB_no_price,train,done,2026-06-08T09:49:14Z,32278,2026-W09
SE1,0.0,,,162,168,B_weekly_HGB_no_price,test,done,2026-06-08T09:49:14Z,,2026-W09
SE1,2.0,48,168,,,B_weekly_HGB_no_price,train,done,2026-06-08T09:49:16Z,32446,2026-W10
SE1,0.0,,,162,168,B_weekly_HGB_no_price,test,done,2026-06-08T09:49:16Z,,2026-W10
SE1,2.0,48,168,,,B_weekly_HGB_no_price,train,done,2026-06-08T09:49:18Z,32614,2026-W11
SE1,0.0,,,162,168,B_weekly_HGB_no_price,test,done,2026-06-08T09:49:18Z,,2026-W11
SE1,3.0,48,168,,,B_weekly_HGB_no_price,train,done,2026-06-08T09:49:21Z,32782,2026-W12
SE1,0.0,,,162,168,B_weekly_HGB_no_price,test,done,2026-06-08T09:49:21Z,,2026-W12
SE1,2.0,48,168,,,B_weekly_HGB_no_price,train,done,2026-06-08T09:49:23Z,32950,2026-W13
SE1,0.0,,,162,168,B_weekly_HGB_no_price,test,done,2026-06-08T09:49:23Z,,2026-W13
SE1,3.0,48,168,,,B_weekly_HGB_no_price,train,done,2026-06-08T09:49:26Z,33118,2026-W14
SE1,0.0,,,162,168,B_weekly_HGB_no_price,test,done,2026-06-08T09:49:26Z,,2026-W14
SE1,2.0,48,168,,,B_weekly_HGB_no_price,train,done,2026-06-08T09:49:28Z,33286,2026-W15
SE1,0.0,,,162,168,B_weekly_HGB_no_price,test,done,2026-06-08T09:49:28Z,,2026-W15
SE1,3.0,48,168,,,B_weekly_HGB_no_price,train,done,2026-06-08T09:49:31Z,33454,2026-W16
SE1,0.0,,,162,168,B_weekly_HGB_no_price,test,done,2026-06-08T09:49:31Z,,2026-W16
SE1,2.0,48,168,,,B_weekly_HGB_no_price,train,done,2026-06-08T09:49:33Z,33622,2026-W17
SE1,0.0,,,162,168,B_weekly_HGB_no_price,test,done,2026-06-08T09:49:33Z,,2026-W17
SE1,2.0,48,168,,,B_weekly_HGB_no_price,train,done,2026-06-08T09:49:35Z,33790,2026-W18
SE1,0.0,,,162,168,B_weekly_HGB_no_price,test,done,2026-06-08T09:49:35Z,,2026-W18
SE1,3.0,48,168,,,B_weekly_HGB_no_price,train,done,2026-06-08T09:49:38Z,33958,2026-W19
SE1,0.0,,,162,168,B_weekly_HGB_no_price,test,done,2026-06-08T09:49:38Z,,2026-W19
SE1,2.0,48,168,,,B_weekly_HGB_no_price,train,done,2026-06-08T09:49:40Z,34126,2026-W20
SE1,0.0,,,162,168,B_weekly_HGB_no_price,test,done,2026-06-08T09:49:40Z,,2026-W20
SE1,3.0,48,168,,,B_weekly_HGB_no_price,train,done,2026-06-08T09:49:43Z,34294,2026-W21
SE1,0.0,,,162,168,B_weekly_HGB_no_price,test,done,2026-06-08T09:49:43Z,,2026-W21
SE1,2.0,48,144,,,B_weekly_HGB_no_price,train,done,2026-06-08T09:49:45Z,34462,2026-W22
SE1,0.0,,,138,144,B_weekly_HGB_no_price,test,done,2026-06-08T09:49:45Z,,2026-W22
SE2,2.0,50,167,,,B_weekly_HGB_no_price,train,done,2026-06-08T09:49:49Z,25943,2025-W23
SE2,0.0,,,161,167,B_weekly_HGB_no_price,test,done,2026-06-08T09:49:49Z,,2025-W23
SE2,2.0,50,168,,,B_weekly_HGB_no_price,train,done,2026-06-08T09:49:51Z,26110,2025-W24
SE2,0.0,,,162,168,B_weekly_HGB_no_price,test,done,2026-06-08T09:49:51Z,,2025-W24
SE2,2.0,50,168,,,B_weekly_HGB_no_price,train,done,2026-06-08T09:49:53Z,26278,2025-W25
SE2,0.0,,,162,168,B_weekly_HGB_no_price,test,done,2026-06-08T09:49:53Z,,2025-W25
SE2,2.0,50,168,,,B_weekly_HGB_no_price,train,done,2026-06-08T09:49:55Z,26446,2025-W26
SE2,0.0,,,162,168,B_weekly_HGB_no_price,test,done,2026-06-08T09:49:55Z,,2025-W26
SE2,2.0,50,168,,,B_weekly_HGB_no_price,train,done,2026-06-08T09:49:57Z,26614,2025-W27
SE2,0.0,,,162,168,B_weekly_HGB_no_price,test,done,2026-06-08T09:49:57Z,,2025-W27
SE2,3.0,50,168,,,B_weekly_HGB_no_price,train,done,2026-06-08T09:50:00Z,26782,2025-W28
SE2,0.0,,,162,168,B_weekly_HGB_no_price,test,done,2026-06-08T09:50:00Z,,2025-W28
SE2,2.0,50,168,,,B_weekly_HGB_no_price,train,done,2026-06-08T09:50:02Z,26950,2025-W29
SE2,0.0,,,162,168,B_weekly_HGB_no_price,test,done,2026-06-08T09:50:02Z,,2025-W29
SE2,2.0,50,167,,,B_weekly_HGB_no_price,train,done,2026-06-08T09:50:04Z,27118,2025-W30
SE2,0.0,,,161,167,B_weekly_HGB_no_price,test,done,2026-06-08T09:50:04Z,,2025-W30
SE2,2.0,50,166,,,B_weekly_HGB_no_price,train,done,2026-06-08T09:50:06Z,27285,2025-W31
SE2,0.0,,,160,166,B_weekly_HGB_no_price,test,done,2026-06-08T09:50:06Z,,2025-W31
SE2,3.0,50,166,,,B_weekly_HGB_no_price,train,done,2026-06-08T09:50:09Z,27451,2025-W32
SE2,0.0,,,160,166,B_weekly_HGB_no_price,test,done,2026-06-08T09:50:09Z,,2025-W32
SE2,2.0,50,168,,,B_weekly_HGB_no_price,train,done,2026-06-08T09:50:11Z,27617,2025-W33
SE2,0.0,,,162,168,B_weekly_HGB_no_price,test,done,2026-06-08T09:50:11Z,,2025-W33
SE2,2.0,50,166,,,B_weekly_HGB_no_price,train,done,2026-06-08T09:50:13Z,27785,2025-W34
SE2,0.0,,,160,166,B_weekly_HGB_no_price,test,done,2026-06-08T09:50:13Z,,2025-W34
SE2,2.0,50,167,,,B_weekly_HGB_no_price,train,done,2026-06-08T09:50:15Z,27951,2025-W35
SE2,0.0,,,161,167,B_weekly_HGB_no_price,test,done,2026-06-08T09:50:15Z,,2025-W35
SE2,2.0,50,168,,,B_weekly_HGB_no_price,train,done,2026-06-08T09:50:17Z,28118,2025-W36
SE2,0.0,,,162,168,B_weekly_HGB_no_price,test,done,2026-06-08T09:50:17Z,,2025-W36
SE2,3.0,50,168,,,B_weekly_HGB_no_price,train,done,2026-06-08T09:50:20Z,28286,2025-W37
SE2,0.0,,,162,168,B_weekly_HGB_no_price,test,done,2026-06-08T09:50:20Z,,2025-W37
SE2,2.0,50,167,,,B_weekly_HGB_no_price,train,done,2026-06-08T09:50:22Z,28454,2025-W38
SE2,0.0,,,161,167,B_weekly_HGB_no_price,test,done,2026-06-08T09:50:22Z,,2025-W38
SE2,2.0,50,167,,,B_weekly_HGB_no_price,train,done,2026-06-08T09:50:24Z,28621,2025-W39
SE2,0.0,,,161,167,B_weekly_HGB_no_price,test,done,2026-06-08T09:50:24Z,,2025-W39
SE2,3.0,50,167,,,B_weekly_HGB_no_price,train,done,2026-06-08T09:50:27Z,28788,2025-W40
SE2,0.0,,,161,167,B_weekly_HGB_no_price,test,done,2026-06-08T09:50:27Z,,2025-W40
SE2,2.0,50,167,,,B_weekly_HGB_no_price,train,done,2026-06-08T09:50:29Z,28955,2025-W41
SE2,0.0,,,162,167,B_weekly_HGB_no_price,test,done,2026-06-08T09:50:29Z,,2025-W41
SE2,2.0,50,167,,,B_weekly_HGB_no_price,train,done,2026-06-08T09:50:31Z,29122,2025-W42
SE2,0.0,,,161,167,B_weekly_HGB_no_price,test,done,2026-06-08T09:50:31Z,,2025-W42
SE2,3.0,50,167,,,B_weekly_HGB_no_price,train,done,2026-06-08T09:50:34Z,29289,2025-W43
SE2,0.0,,,161,167,B_weekly_HGB_no_price,test,done,2026-06-08T09:50:34Z,,2025-W43
SE2,2.0,50,167,,,B_weekly_HGB_no_price,train,done,2026-06-08T09:50:36Z,29456,2025-W44
SE2,0.0,,,161,167,B_weekly_HGB_no_price,test,done,2026-06-08T09:50:36Z,,2025-W44
SE2,2.0,50,168,,,B_weekly_HGB_no_price,train,done,2026-06-08T09:50:38Z,29623,2025-W45
SE2,0.0,,,162,168,B_weekly_HGB_no_price,test,done,2026-06-08T09:50:38Z,,2025-W45
SE2,3.0,50,167,,,B_weekly_HGB_no_price,train,done,2026-06-08T09:50:41Z,29791,2025-W46
SE2,0.0,,,161,167,B_weekly_HGB_no_price,test,done,2026-06-08T09:50:41Z,,2025-W46
SE2,2.0,50,167,,,B_weekly_HGB_no_price,train,done,2026-06-08T09:50:43Z,29958,2025-W47
SE2,0.0,,,161,167,B_weekly_HGB_no_price,test,done,2026-06-08T09:50:43Z,,2025-W47
SE2,3.0,50,166,,,B_weekly_HGB_no_price,train,done,2026-06-08T09:50:46Z,30125,2025-W48
SE2,0.0,,,160,166,B_weekly_HGB_no_price,test,done,2026-06-08T09:50:46Z,,2025-W48
SE2,2.0,50,168,,,B_weekly_HGB_no_price,train,done,2026-06-08T09:50:48Z,30291,2025-W49
SE2,0.0,,,162,168,B_weekly_HGB_no_price,test,done,2026-06-08T09:50:48Z,,2025-W49
SE2,2.0,50,168,,,B_weekly_HGB_no_price,train,done,2026-06-08T09:50:50Z,30459,2025-W50
SE2,0.0,,,162,168,B_weekly_HGB_no_price,test,done,2026-06-08T09:50:50Z,,2025-W50
SE2,3.0,50,168,,,B_weekly_HGB_no_price,train,done,2026-06-08T09:50:53Z,30627,2025-W51
SE2,0.0,,,162,168,B_weekly_HGB_no_price,test,done,2026-06-08T09:50:53Z,,2025-W51
SE2,2.0,50,168,,,B_weekly_HGB_no_price,train,done,2026-06-08T09:50:55Z,30795,2025-W52
SE2,0.0,,,162,168,B_weekly_HGB_no_price,test,done,2026-06-08T09:50:55Z,,2025-W52
SE2,2.0,50,168,,,B_weekly_HGB_no_price,train,done,2026-06-08T09:50:57Z,30963,2026-W01
SE2,0.0,,,162,168,B_weekly_HGB_no_price,test,done,2026-06-08T09:50:57Z,,2026-W01
SE2,3.0,50,168,,,B_weekly_HGB_no_price,train,done,2026-06-08T09:51:00Z,31131,2026-W02
SE2,0.0,,,162,168,B_weekly_HGB_no_price,test,done,2026-06-08T09:51:00Z,,2026-W02
SE2,2.0,50,168,,,B_weekly_HGB_no_price,train,done,2026-06-08T09:51:02Z,31299,2026-W03
SE2,0.0,,,162,168,B_weekly_HGB_no_price,test,done,2026-06-08T09:51:02Z,,2026-W03
SE2,3.0,50,168,,,B_weekly_HGB_no_price,train,done,2026-06-08T09:51:05Z,31467,2026-W04
SE2,0.0,,,162,168,B_weekly_HGB_no_price,test,done,2026-06-08T09:51:05Z,,2026-W04
SE2,2.0,50,168,,,B_weekly_HGB_no_price,train,done,2026-06-08T09:51:07Z,31635,2026-W05
SE2,0.0,,,162,168,B_weekly_HGB_no_price,test,done,2026-06-08T09:51:07Z,,2026-W05
SE2,2.0,50,168,,,B_weekly_HGB_no_price,train,done,2026-06-08T09:51:09Z,31803,2026-W06
SE2,0.0,,,162,168,B_weekly_HGB_no_price,test,done,2026-06-08T09:51:09Z,,2026-W06
SE2,3.0,50,168,,,B_weekly_HGB_no_price,train,done,2026-06-08T09:51:12Z,31971,2026-W07
SE2,0.0,,,162,168,B_weekly_HGB_no_price,test,done,2026-06-08T09:51:12Z,,2026-W07
SE2,2.0,50,168,,,B_weekly_HGB_no_price,train,done,2026-06-08T09:51:14Z,32139,2026-W08
SE2,0.0,,,162,168,B_weekly_HGB_no_price,test,done,2026-06-08T09:51:14Z,,2026-W08
SE2,3.0,50,168,,,B_weekly_HGB_no_price,train,done,2026-06-08T09:51:17Z,32307,2026-W09
SE2,0.0,,,162,168,B_weekly_HGB_no_price,test,done,2026-06-08T09:51:17Z,,2026-W09
SE2,2.0,50,168,,,B_weekly_HGB_no_price,train,done,2026-06-08T09:51:19Z,32475,2026-W10
SE2,0.0,,,162,168,B_weekly_HGB_no_price,test,done,2026-06-08T09:51:19Z,,2026-W10
SE2,3.0,50,168,,,B_weekly_HGB_no_price,train,done,2026-06-08T09:51:22Z,32643,2026-W11
SE2,0.0,,,162,168,B_weekly_HGB_no_price,test,done,2026-06-08T09:51:22Z,,2026-W11
SE2,2.0,50,168,,,B_weekly_HGB_no_price,train,done,2026-06-08T09:51:24Z,32811,2026-W12
SE2,0.0,,,162,168,B_weekly_HGB_no_price,test,done,2026-06-08T09:51:24Z,,2026-W12
SE2,3.0,50,168,,,B_weekly_HGB_no_price,train,done,2026-06-08T09:51:27Z,32979,2026-W13
SE2,0.0,,,162,168,B_weekly_HGB_no_price,test,done,2026-06-08T09:51:27Z,,2026-W13
SE2,2.0,50,168,,,B_weekly_HGB_no_price,train,done,2026-06-08T09:51:29Z,33147,2026-W14
SE2,0.0,,,162,168,B_weekly_HGB_no_price,test,done,2026-06-08T09:51:29Z,,2026-W14
SE2,2.0,50,168,,,B_weekly_HGB_no_price,train,done,2026-06-08T09:51:31Z,33315,2026-W15
SE2,0.0,,,162,168,B_weekly_HGB_no_price,test,done,2026-06-08T09:51:31Z,,2026-W15
SE2,3.0,50,168,,,B_weekly_HGB_no_price,train,done,2026-06-08T09:51:34Z,33483,2026-W16
SE2,0.0,,,162,168,B_weekly_HGB_no_price,test,done,2026-06-08T09:51:34Z,,2026-W16
SE2,3.0,50,168,,,B_weekly_HGB_no_price,train,done,2026-06-08T09:51:37Z,33651,2026-W17
SE2,0.0,,,162,168,B_weekly_HGB_no_price,test,done,2026-06-08T09:51:37Z,,2026-W17
SE2,2.0,50,168,,,B_weekly_HGB_no_price,train,done,2026-06-08T09:51:39Z,33819,2026-W18
SE2,0.0,,,162,168,B_weekly_HGB_no_price,test,done,2026-06-08T09:51:39Z,,2026-W18
SE2,3.0,50,168,,,B_weekly_HGB_no_price,train,done,2026-06-08T09:51:42Z,33987,2026-W19
SE2,0.0,,,162,168,B_weekly_HGB_no_price,test,done,2026-06-08T09:51:42Z,,2026-W19
SE2,2.0,50,168,,,B_weekly_HGB_no_price,train,done,2026-06-08T09:51:44Z,34155,2026-W20
SE2,0.0,,,162,168,B_weekly_HGB_no_price,test,done,2026-06-08T09:51:44Z,,2026-W20
SE2,3.0,50,168,,,B_weekly_HGB_no_price,train,done,2026-06-08T09:51:47Z,34323,2026-W21
SE2,0.0,,,162,168,B_weekly_HGB_no_price,test,done,2026-06-08T09:51:47Z,,2026-W21
SE2,2.0,50,144,,,B_weekly_HGB_no_price,train,done,2026-06-08T09:51:49Z,34491,2026-W22
SE2,0.0,,,138,144,B_weekly_HGB_no_price,test,done,2026-06-08T09:51:49Z,,2026-W22
SE3,2.0,50,168,,,B_weekly_HGB_no_price,train,done,2026-06-08T09:51:53Z,26002,2025-W23
SE3,0.0,,,162,168,B_weekly_HGB_no_price,test,done,2026-06-08T09:51:53Z,,2025-W23
SE3,2.0,50,168,,,B_weekly_HGB_no_price,train,done,2026-06-08T09:51:55Z,26170,2025-W24
SE3,0.0,,,162,168,B_weekly_HGB_no_price,test,done,2026-06-08T09:51:55Z,,2025-W24
SE3,2.0,50,168,,,B_weekly_HGB_no_price,train,done,2026-06-08T09:51:57Z,26338,2025-W25
SE3,0.0,,,162,168,B_weekly_HGB_no_price,test,done,2026-06-08T09:51:57Z,,2025-W25
SE3,2.0,50,168,,,B_weekly_HGB_no_price,train,done,2026-06-08T09:51:59Z,26506,2025-W26
SE3,0.0,,,162,168,B_weekly_HGB_no_price,test,done,2026-06-08T09:51:59Z,,2025-W26
SE3,3.0,50,168,,,B_weekly_HGB_no_price,train,done,2026-06-08T09:52:02Z,26674,2025-W27
SE3,0.0,,,162,168,B_weekly_HGB_no_price,test,done,2026-06-08T09:52:02Z,,2025-W27
SE3,2.0,50,168,,,B_weekly_HGB_no_price,train,done,2026-06-08T09:52:04Z,26842,2025-W28
SE3,0.0,,,162,168,B_weekly_HGB_no_price,test,done,2026-06-08T09:52:04Z,,2025-W28
SE3,2.0,50,168,,,B_weekly_HGB_no_price,train,done,2026-06-08T09:52:06Z,27010,2025-W29
SE3,0.0,,,162,168,B_weekly_HGB_no_price,test,done,2026-06-08T09:52:06Z,,2025-W29
SE3,3.0,50,168,,,B_weekly_HGB_no_price,train,done,2026-06-08T09:52:09Z,27178,2025-W30
SE3,0.0,,,162,168,B_weekly_HGB_no_price,test,done,2026-06-08T09:52:09Z,,2025-W30
SE3,2.0,50,167,,,B_weekly_HGB_no_price,train,done,2026-06-08T09:52:11Z,27346,2025-W31
SE3,0.0,,,161,167,B_weekly_HGB_no_price,test,done,2026-06-08T09:52:11Z,,2025-W31
SE3,2.0,50,168,,,B_weekly_HGB_no_price,train,done,2026-06-08T09:52:13Z,27513,2025-W32
SE3,0.0,,,162,168,B_weekly_HGB_no_price,test,done,2026-06-08T09:52:13Z,,2025-W32
SE3,3.0,50,168,,,B_weekly_HGB_no_price,train,done,2026-06-08T09:52:16Z,27681,2025-W33
SE3,0.0,,,162,168,B_weekly_HGB_no_price,test,done,2026-06-08T09:52:16Z,,2025-W33
SE3,2.0,50,167,,,B_weekly_HGB_no_price,train,done,2026-06-08T09:52:18Z,27849,2025-W34
SE3,0.0,,,161,167,B_weekly_HGB_no_price,test,done,2026-06-08T09:52:18Z,,2025-W34
SE3,2.0,50,167,,,B_weekly_HGB_no_price,train,done,2026-06-08T09:52:20Z,28016,2025-W35
SE3,0.0,,,161,167,B_weekly_HGB_no_price,test,done,2026-06-08T09:52:20Z,,2025-W35
SE3,3.0,50,168,,,B_weekly_HGB_no_price,train,done,2026-06-08T09:52:23Z,28183,2025-W36
SE3,0.0,,,162,168,B_weekly_HGB_no_price,test,done,2026-06-08T09:52:23Z,,2025-W36
SE3,2.0,50,166,,,B_weekly_HGB_no_price,train,done,2026-06-08T09:52:25Z,28351,2025-W37
SE3,0.0,,,160,166,B_weekly_HGB_no_price,test,done,2026-06-08T09:52:25Z,,2025-W37
SE3,2.0,50,167,,,B_weekly_HGB_no_price,train,done,2026-06-08T09:52:27Z,28517,2025-W38
SE3,0.0,,,161,167,B_weekly_HGB_no_price,test,done,2026-06-08T09:52:27Z,,2025-W38
SE3,3.0,50,168,,,B_weekly_HGB_no_price,train,done,2026-06-08T09:52:30Z,28684,2025-W39
SE3,0.0,,,162,168,B_weekly_HGB_no_price,test,done,2026-06-08T09:52:30Z,,2025-W39
SE3,2.0,50,168,,,B_weekly_HGB_no_price,train,done,2026-06-08T09:52:32Z,28852,2025-W40
SE3,0.0,,,162,168,B_weekly_HGB_no_price,test,done,2026-06-08T09:52:32Z,,2025-W40
SE3,2.0,50,166,,,B_weekly_HGB_no_price,train,done,2026-06-08T09:52:34Z,29020,2025-W41
SE3,0.0,,,160,166,B_weekly_HGB_no_price,test,done,2026-06-08T09:52:34Z,,2025-W41
SE3,3.0,50,168,,,B_weekly_HGB_no_price,train,done,2026-06-08T09:52:37Z,29186,2025-W42
SE3,0.0,,,162,168,B_weekly_HGB_no_price,test,done,2026-06-08T09:52:37Z,,2025-W42
SE3,2.0,50,168,,,B_weekly_HGB_no_price,train,done,2026-06-08T09:52:39Z,29354,2025-W43
SE3,0.0,,,162,168,B_weekly_HGB_no_price,test,done,2026-06-08T09:52:39Z,,2025-W43
SE3,2.0,50,168,,,B_weekly_HGB_no_price,train,done,2026-06-08T09:52:41Z,29522,2025-W44
SE3,0.0,,,162,168,B_weekly_HGB_no_price,test,done,2026-06-08T09:52:41Z,,2025-W44
SE3,3.0,50,168,,,B_weekly_HGB_no_price,train,done,2026-06-08T09:52:44Z,29690,2025-W45
SE3,0.0,,,162,168,B_weekly_HGB_no_price,test,done,2026-06-08T09:52:44Z,,2025-W45
SE3,2.0,50,168,,,B_weekly_HGB_no_price,train,done,2026-06-08T09:52:46Z,29858,2025-W46
SE3,0.0,,,162,168,B_weekly_HGB_no_price,test,done,2026-06-08T09:52:46Z,,2025-W46
SE3,2.0,50,168,,,B_weekly_HGB_no_price,train,done,2026-06-08T09:52:48Z,30026,2025-W47
SE3,0.0,,,162,168,B_weekly_HGB_no_price,test,done,2026-06-08T09:52:48Z,,2025-W47
SE3,3.0,50,168,,,B_weekly_HGB_no_price,train,done,2026-06-08T09:52:51Z,30194,2025-W48
SE3,0.0,,,162,168,B_weekly_HGB_no_price,test,done,2026-06-08T09:52:51Z,,2025-W48
SE3,2.0,50,168,,,B_weekly_HGB_no_price,train,done,2026-06-08T09:52:53Z,30362,2025-W49
SE3,0.0,,,162,168,B_weekly_HGB_no_price,test,done,2026-06-08T09:52:53Z,,2025-W49
SE3,3.0,50,168,,,B_weekly_HGB_no_price,train,done,2026-06-08T09:52:56Z,30530,2025-W50
SE3,0.0,,,162,168,B_weekly_HGB_no_price,test,done,2026-06-08T09:52:56Z,,2025-W50
SE3,2.0,50,168,,,B_weekly_HGB_no_price,train,done,2026-06-08T09:52:58Z,30698,2025-W51
SE3,0.0,,,162,168,B_weekly_HGB_no_price,test,done,2026-06-08T09:52:58Z,,2025-W51
SE3,3.0,50,168,,,B_weekly_HGB_no_price,train,done,2026-06-08T09:53:01Z,30866,2025-W52
SE3,0.0,,,162,168,B_weekly_HGB_no_price,test,done,2026-06-08T09:53:01Z,,2025-W52
SE3,2.0,50,168,,,B_weekly_HGB_no_price,train,done,2026-06-08T09:53:03Z,31034,2026-W01
SE3,0.0,,,162,168,B_weekly_HGB_no_price,test,done,2026-06-08T09:53:03Z,,2026-W01
SE3,3.0,50,168,,,B_weekly_HGB_no_price,train,done,2026-06-08T09:53:06Z,31202,2026-W02
SE3,0.0,,,162,168,B_weekly_HGB_no_price,test,done,2026-06-08T09:53:06Z,,2026-W02
SE3,2.0,50,168,,,B_weekly_HGB_no_price,train,done,2026-06-08T09:53:08Z,31370,2026-W03
SE3,0.0,,,162,168,B_weekly_HGB_no_price,test,done,2026-06-08T09:53:08Z,,2026-W03
SE3,2.0,50,168,,,B_weekly_HGB_no_price,train,done,2026-06-08T09:53:10Z,31538,2026-W04
SE3,0.0,,,162,168,B_weekly_HGB_no_price,test,done,2026-06-08T09:53:10Z,,2026-W04
SE3,3.0,50,168,,,B_weekly_HGB_no_price,train,done,2026-06-08T09:53:13Z,31706,2026-W05
SE3,0.0,,,162,168,B_weekly_HGB_no_price,test,done,2026-06-08T09:53:13Z,,2026-W05
SE3,3.0,50,168,,,B_weekly_HGB_no_price,train,done,2026-06-08T09:53:16Z,31874,2026-W06
SE3,0.0,,,162,168,B_weekly_HGB_no_price,test,done,2026-06-08T09:53:16Z,,2026-W06
SE3,2.0,50,168,,,B_weekly_HGB_no_price,train,done,2026-06-08T09:53:18Z,32042,2026-W07
SE3,0.0,,,162,168,B_weekly_HGB_no_price,test,done,2026-06-08T09:53:18Z,,2026-W07
SE3,3.0,50,168,,,B_weekly_HGB_no_price,train,done,2026-06-08T09:53:21Z,32210,2026-W08
SE3,0.0,,,162,168,B_weekly_HGB_no_price,test,done,2026-06-08T09:53:21Z,,2026-W08
SE3,2.0,50,168,,,B_weekly_HGB_no_price,train,done,2026-06-08T09:53:23Z,32378,2026-W09
SE3,0.0,,,162,168,B_weekly_HGB_no_price,test,done,2026-06-08T09:53:23Z,,2026-W09
SE3,3.0,50,168,,,B_weekly_HGB_no_price,train,done,2026-06-08T09:53:26Z,32546,2026-W10
SE3,0.0,,,162,168,B_weekly_HGB_no_price,test,done,2026-06-08T09:53:26Z,,2026-W10
SE3,2.0,50,168,,,B_weekly_HGB_no_price,train,done,2026-06-08T09:53:28Z,32714,2026-W11
SE3,0.0,,,162,168,B_weekly_HGB_no_price,test,done,2026-06-08T09:53:28Z,,2026-W11
SE3,3.0,50,168,,,B_weekly_HGB_no_price,train,done,2026-06-08T09:53:31Z,32882,2026-W12
SE3,0.0,,,162,168,B_weekly_HGB_no_price,test,done,2026-06-08T09:53:31Z,,2026-W12
SE3,2.0,50,168,,,B_weekly_HGB_no_price,train,done,2026-06-08T09:53:33Z,33050,2026-W13
SE3,0.0,,,162,168,B_weekly_HGB_no_price,test,done,2026-06-08T09:53:33Z,,2026-W13
SE3,3.0,50,168,,,B_weekly_HGB_no_price,train,done,2026-06-08T09:53:36Z,33218,2026-W14
SE3,0.0,,,162,168,B_weekly_HGB_no_price,test,done,2026-06-08T09:53:36Z,,2026-W14
SE3,2.0,50,168,,,B_weekly_HGB_no_price,train,done,2026-06-08T09:53:38Z,33386,2026-W15
SE3,0.0,,,162,168,B_weekly_HGB_no_price,test,done,2026-06-08T09:53:38Z,,2026-W15
SE3,3.0,50,168,,,B_weekly_HGB_no_price,train,done,2026-06-08T09:53:41Z,33554,2026-W16
SE3,0.0,,,162,168,B_weekly_HGB_no_price,test,done,2026-06-08T09:53:41Z,,2026-W16
SE3,3.0,50,168,,,B_weekly_HGB_no_price,train,done,2026-06-08T09:53:44Z,33722,2026-W17
SE3,0.0,,,162,168,B_weekly_HGB_no_price,test,done,2026-06-08T09:53:44Z,,2026-W17
SE3,2.0,50,168,,,B_weekly_HGB_no_price,train,done,2026-06-08T09:53:46Z,33890,2026-W18
SE3,0.0,,,162,168,B_weekly_HGB_no_price,test,done,2026-06-08T09:53:46Z,,2026-W18
SE3,3.0,50,168,,,B_weekly_HGB_no_price,train,done,2026-06-08T09:53:49Z,34058,2026-W19
SE3,0.0,,,162,168,B_weekly_HGB_no_price,test,done,2026-06-08T09:53:49Z,,2026-W19
SE3,2.0,50,168,,,B_weekly_HGB_no_price,train,done,2026-06-08T09:53:51Z,34226,2026-W20
SE3,0.0,,,162,168,B_weekly_HGB_no_price,test,done,2026-06-08T09:53:51Z,,2026-W20
SE3,3.0,50,168,,,B_weekly_HGB_no_price,train,done,2026-06-08T09:53:54Z,34394,2026-W21
SE3,0.0,,,162,168,B_weekly_HGB_no_price,test,done,2026-06-08T09:53:54Z,,2026-W21
SE3,3.0,50,168,,,B_weekly_HGB_no_price,train,done,2026-06-08T09:53:57Z,34562,2026-W22
SE3,0.0,,,162,168,B_weekly_HGB_no_price,test,done,2026-06-08T09:53:57Z,,2026-W22
FI,2.0,50,168,,,B_weekly_HGB_no_price,train,done,2026-06-08T09:54:00Z,26012,2025-W23
FI,0.0,,,162,168,B_weekly_HGB_no_price,test,done,2026-06-08T09:54:00Z,,2025-W23
FI,3.0,50,168,,,B_weekly_HGB_no_price,train,done,2026-06-08T09:54:03Z,26180,2025-W24
FI,0.0,,,162,168,B_weekly_HGB_no_price,test,done,2026-06-08T09:54:03Z,,2025-W24
FI,2.0,50,168,,,B_weekly_HGB_no_price,train,done,2026-06-08T09:54:05Z,26348,2025-W25
FI,0.0,,,162,168,B_weekly_HGB_no_price,test,done,2026-06-08T09:54:05Z,,2025-W25
FI,2.0,50,168,,,B_weekly_HGB_no_price,train,done,2026-06-08T09:54:07Z,26516,2025-W26
FI,0.0,,,162,168,B_weekly_HGB_no_price,test,done,2026-06-08T09:54:07Z,,2025-W26
FI,2.0,50,168,,,B_weekly_HGB_no_price,train,done,2026-06-08T09:54:09Z,26684,2025-W27
FI,0.0,,,162,168,B_weekly_HGB_no_price,test,done,2026-06-08T09:54:09Z,,2025-W27
FI,2.0,50,168,,,B_weekly_HGB_no_price,train,done,2026-06-08T09:54:11Z,26852,2025-W28
FI,0.0,,,162,168,B_weekly_HGB_no_price,test,done,2026-06-08T09:54:11Z,,2025-W28
FI,3.0,50,168,,,B_weekly_HGB_no_price,train,done,2026-06-08T09:54:14Z,27020,2025-W29
FI,0.0,,,162,168,B_weekly_HGB_no_price,test,done,2026-06-08T09:54:14Z,,2025-W29
FI,2.0,50,168,,,B_weekly_HGB_no_price,train,done,2026-06-08T09:54:16Z,27188,2025-W30
FI,0.0,,,162,168,B_weekly_HGB_no_price,test,done,2026-06-08T09:54:16Z,,2025-W30
FI,2.0,50,168,,,B_weekly_HGB_no_price,train,done,2026-06-08T09:54:18Z,27356,2025-W31
FI,0.0,,,162,168,B_weekly_HGB_no_price,test,done,2026-06-08T09:54:18Z,,2025-W31
FI,2.0,50,168,,,B_weekly_HGB_no_price,train,done,2026-06-08T09:54:20Z,27524,2025-W32
FI,0.0,,,162,168,B_weekly_HGB_no_price,test,done,2026-06-08T09:54:20Z,,2025-W32
FI,2.0,50,168,,,B_weekly_HGB_no_price,train,done,2026-06-08T09:54:22Z,27692,2025-W33
FI,0.0,,,162,168,B_weekly_HGB_no_price,test,done,2026-06-08T09:54:22Z,,2025-W33
FI,2.0,50,168,,,B_weekly_HGB_no_price,train,done,2026-06-08T09:54:24Z,27860,2025-W34
FI,0.0,,,162,168,B_weekly_HGB_no_price,test,done,2026-06-08T09:54:24Z,,2025-W34
FI,3.0,50,168,,,B_weekly_HGB_no_price,train,done,2026-06-08T09:54:27Z,28028,2025-W35
FI,0.0,,,162,168,B_weekly_HGB_no_price,test,done,2026-06-08T09:54:27Z,,2025-W35
FI,2.0,50,168,,,B_weekly_HGB_no_price,train,done,2026-06-08T09:54:29Z,28196,2025-W36
FI,0.0,,,162,168,B_weekly_HGB_no_price,test,done,2026-06-08T09:54:29Z,,2025-W36
FI,2.0,50,168,,,B_weekly_HGB_no_price,train,done,2026-06-08T09:54:31Z,28364,2025-W37
FI,0.0,,,162,168,B_weekly_HGB_no_price,test,done,2026-06-08T09:54:31Z,,2025-W37
FI,2.0,50,168,,,B_weekly_HGB_no_price,train,done,2026-06-08T09:54:33Z,28532,2025-W38
FI,0.0,,,162,168,B_weekly_HGB_no_price,test,done,2026-06-08T09:54:33Z,,2025-W38
FI,3.0,50,168,,,B_weekly_HGB_no_price,train,done,2026-06-08T09:54:36Z,28700,2025-W39
FI,0.0,,,162,168,B_weekly_HGB_no_price,test,done,2026-06-08T09:54:36Z,,2025-W39
FI,2.0,50,168,,,B_weekly_HGB_no_price,train,done,2026-06-08T09:54:38Z,28868,2025-W40
FI,0.0,,,162,168,B_weekly_HGB_no_price,test,done,2026-06-08T09:54:38Z,,2025-W40
FI,2.0,50,168,,,B_weekly_HGB_no_price,train,done,2026-06-08T09:54:40Z,29036,2025-W41
FI,0.0,,,162,168,B_weekly_HGB_no_price,test,done,2026-06-08T09:54:40Z,,2025-W41
FI,2.0,50,168,,,B_weekly_HGB_no_price,train,done,2026-06-08T09:54:42Z,29204,2025-W42
FI,0.0,,,162,168,B_weekly_HGB_no_price,test,done,2026-06-08T09:54:42Z,,2025-W42
FI,3.0,50,168,,,B_weekly_HGB_no_price,train,done,2026-06-08T09:54:45Z,29372,2025-W43
FI,0.0,,,162,168,B_weekly_HGB_no_price,test,done,2026-06-08T09:54:45Z,,2025-W43
FI,2.0,50,168,,,B_weekly_HGB_no_price,train,done,2026-06-08T09:54:47Z,29540,2025-W44
FI,0.0,,,162,168,B_weekly_HGB_no_price,test,done,2026-06-08T09:54:47Z,,2025-W44
FI,2.0,50,168,,,B_weekly_HGB_no_price,train,done,2026-06-08T09:54:49Z,29708,2025-W45
FI,0.0,,,162,168,B_weekly_HGB_no_price,test,done,2026-06-08T09:54:49Z,,2025-W45
FI,3.0,50,168,,,B_weekly_HGB_no_price,train,done,2026-06-08T09:54:52Z,29876,2025-W46
FI,0.0,,,162,168,B_weekly_HGB_no_price,test,done,2026-06-08T09:54:52Z,,2025-W46
FI,2.0,50,168,,,B_weekly_HGB_no_price,train,done,2026-06-08T09:54:54Z,30044,2025-W47
FI,0.0,,,162,168,B_weekly_HGB_no_price,test,done,2026-06-08T09:54:54Z,,2025-W47
FI,2.0,50,168,,,B_weekly_HGB_no_price,train,done,2026-06-08T09:54:56Z,30212,2025-W48
FI,0.0,,,162,168,B_weekly_HGB_no_price,test,done,2026-06-08T09:54:56Z,,2025-W48
FI,3.0,50,168,,,B_weekly_HGB_no_price,train,done,2026-06-08T09:54:59Z,30380,2025-W49
FI,0.0,,,162,168,B_weekly_HGB_no_price,test,done,2026-06-08T09:54:59Z,,2025-W49
FI,2.0,50,168,,,B_weekly_HGB_no_price,train,done,2026-06-08T09:55:01Z,30548,2025-W50
FI,0.0,,,162,168,B_weekly_HGB_no_price,test,done,2026-06-08T09:55:01Z,,2025-W50
FI,2.0,50,168,,,B_weekly_HGB_no_price,train,done,2026-06-08T09:55:03Z,30716,2025-W51
FI,0.0,,,162,168,B_weekly_HGB_no_price,test,done,2026-06-08T09:55:03Z,,2025-W51
FI,3.0,50,168,,,B_weekly_HGB_no_price,train,done,2026-06-08T09:55:06Z,30884,2025-W52
FI,0.0,,,162,168,B_weekly_HGB_no_price,test,done,2026-06-08T09:55:06Z,,2025-W52
FI,2.0,50,168,,,B_weekly_HGB_no_price,train,done,2026-06-08T09:55:08Z,31052,2026-W01
FI,0.0,,,162,168,B_weekly_HGB_no_price,test,done,2026-06-08T09:55:08Z,,2026-W01
FI,3.0,50,168,,,B_weekly_HGB_no_price,train,done,2026-06-08T09:55:11Z,31220,2026-W02
FI,0.0,,,162,168,B_weekly_HGB_no_price,test,done,2026-06-08T09:55:11Z,,2026-W02
FI,2.0,50,168,,,B_weekly_HGB_no_price,train,done,2026-06-08T09:55:13Z,31388,2026-W03
FI,0.0,,,162,168,B_weekly_HGB_no_price,test,done,2026-06-08T09:55:13Z,,2026-W03
FI,3.0,50,168,,,B_weekly_HGB_no_price,train,done,2026-06-08T09:55:16Z,31556,2026-W04
FI,0.0,,,162,168,B_weekly_HGB_no_price,test,done,2026-06-08T09:55:16Z,,2026-W04
FI,2.0,50,168,,,B_weekly_HGB_no_price,train,done,2026-06-08T09:55:18Z,31724,2026-W05
FI,0.0,,,162,168,B_weekly_HGB_no_price,test,done,2026-06-08T09:55:18Z,,2026-W05
FI,3.0,50,168,,,B_weekly_HGB_no_price,train,done,2026-06-08T09:55:21Z,31892,2026-W06
FI,0.0,,,162,168,B_weekly_HGB_no_price,test,done,2026-06-08T09:55:21Z,,2026-W06
FI,2.0,50,168,,,B_weekly_HGB_no_price,train,done,2026-06-08T09:55:23Z,32060,2026-W07
FI,0.0,,,162,168,B_weekly_HGB_no_price,test,done,2026-06-08T09:55:23Z,,2026-W07
FI,3.0,50,168,,,B_weekly_HGB_no_price,train,done,2026-06-08T09:55:26Z,32228,2026-W08
FI,0.0,,,162,168,B_weekly_HGB_no_price,test,done,2026-06-08T09:55:26Z,,2026-W08
FI,2.0,50,168,,,B_weekly_HGB_no_price,train,done,2026-06-08T09:55:28Z,32396,2026-W09
FI,0.0,,,162,168,B_weekly_HGB_no_price,test,done,2026-06-08T09:55:28Z,,2026-W09
FI,3.0,50,168,,,B_weekly_HGB_no_price,train,done,2026-06-08T09:55:31Z,32564,2026-W10
FI,0.0,,,162,168,B_weekly_HGB_no_price,test,done,2026-06-08T09:55:31Z,,2026-W10
FI,2.0,50,168,,,B_weekly_HGB_no_price,train,done,2026-06-08T09:55:33Z,32732,2026-W11
FI,0.0,,,162,168,B_weekly_HGB_no_price,test,done,2026-06-08T09:55:33Z,,2026-W11
FI,3.0,50,168,,,B_weekly_HGB_no_price,train,done,2026-06-08T09:55:36Z,32900,2026-W12
FI,0.0,,,162,168,B_weekly_HGB_no_price,test,done,2026-06-08T09:55:36Z,,2026-W12
FI,2.0,50,168,,,B_weekly_HGB_no_price,train,done,2026-06-08T09:55:38Z,33068,2026-W13
FI,0.0,,,162,168,B_weekly_HGB_no_price,test,done,2026-06-08T09:55:38Z,,2026-W13
FI,3.0,50,168,,,B_weekly_HGB_no_price,train,done,2026-06-08T09:55:41Z,33236,2026-W14
FI,0.0,,,162,168,B_weekly_HGB_no_price,test,done,2026-06-08T09:55:41Z,,2026-W14
FI,2.0,50,168,,,B_weekly_HGB_no_price,train,done,2026-06-08T09:55:43Z,33404,2026-W15
FI,0.0,,,162,168,B_weekly_HGB_no_price,test,done,2026-06-08T09:55:43Z,,2026-W15
FI,3.0,50,168,,,B_weekly_HGB_no_price,train,done,2026-06-08T09:55:46Z,33572,2026-W16
FI,0.0,,,162,168,B_weekly_HGB_no_price,test,done,2026-06-08T09:55:46Z,,2026-W16
FI,3.0,50,168,,,B_weekly_HGB_no_price,train,done,2026-06-08T09:55:49Z,33740,2026-W17
FI,0.0,,,162,168,B_weekly_HGB_no_price,test,done,2026-06-08T09:55:49Z,,2026-W17
FI,2.0,50,168,,,B_weekly_HGB_no_price,train,done,2026-06-08T09:55:51Z,33908,2026-W18
FI,0.0,,,162,168,B_weekly_HGB_no_price,test,done,2026-06-08T09:55:51Z,,2026-W18
FI,3.0,50,168,,,B_weekly_HGB_no_price,train,done,2026-06-08T09:55:54Z,34076,2026-W19
FI,0.0,,,162,168,B_weekly_HGB_no_price,test,done,2026-06-08T09:55:54Z,,2026-W19
FI,2.0,50,168,,,B_weekly_HGB_no_price,train,done,2026-06-08T09:55:56Z,34244,2026-W20
FI,0.0,,,162,168,B_weekly_HGB_no_price,test,done,2026-06-08T09:55:56Z,,2026-W20
FI,3.0,50,168,,,B_weekly_HGB_no_price,train,done,2026-06-08T09:55:59Z,34412,2026-W21
FI,0.0,,,162,168,B_weekly_HGB_no_price,test,done,2026-06-08T09:55:59Z,,2026-W21
FI,3.0,50,168,,,B_weekly_HGB_no_price,train,done,2026-06-08T09:56:02Z,34580,2026-W22
FI,0.0,,,162,168,B_weekly_HGB_no_price,test,done,2026-06-08T09:56:02Z,,2026-W22
