forecast_origin_timestamp_utc,target_timestamp_utc,horizon_h,split,target_consumption_se3_mw,weather_proxy_label,price_feature_protocol,forecast_se3_price_target_hour,pred_HGB_no_price,pred_HGB_with_p0054n_exact_dayahead_advanced_price,pred_ExtraTrees_no_price,pred_ExtraTrees_with_p0054n_exact_dayahead_advanced_price,pred_LightGBM_no_price,pred_LightGBM_with_p0054n_exact_dayahead_advanced_price,pred_XGBoost_no_price,pred_XGBoost_with_p0054n_exact_dayahead_advanced_price
2025-02-28T11:00:00Z,2025-03-01T00:00:00Z,14,train_fit,2501.01215075,weather_actual_as_forecast_proxy,blocked_oof_train_price_before_2025_03,0.46729305357415674,,,,,,,,
2025-02-28T11:00:00Z,2025-03-01T01:00:00Z,15,train_fit,2469.35845375,weather_actual_as_forecast_proxy,blocked_oof_train_price_before_2025_03,0.46666924172136204,,,,,,,,
2025-02-28T11:00:00Z,2025-03-01T02:00:00Z,16,train_fit,2451.64626125,weather_actual_as_forecast_proxy,blocked_oof_train_price_before_2025_03,0.4668149623929282,,,,,,,,
2025-02-28T11:00:00Z,2025-03-01T03:00:00Z,17,train_fit,2466.4407345,weather_actual_as_forecast_proxy,blocked_oof_train_price_before_2025_03,0.47580134184118655,,,,,,,,
2025-02-28T11:00:00Z,2025-03-01T04:00:00Z,18,train_fit,2487.4270932500003,weather_actual_as_forecast_proxy,blocked_oof_train_price_before_2025_03,0.5011803323782386,,,,,,,,
2025-02-28T11:00:00Z,2025-03-01T05:00:00Z,19,train_fit,2526.81211825,weather_actual_as_forecast_proxy,blocked_oof_train_price_before_2025_03,0.5450378232720284,,,,,,,,
2025-02-28T11:00:00Z,2025-03-01T06:00:00Z,20,train_fit,2555.80969225,weather_actual_as_forecast_proxy,blocked_oof_train_price_before_2025_03,0.6190552852638277,,,,,,,,
2025-02-28T11:00:00Z,2025-03-01T07:00:00Z,21,train_fit,2635.93916025,weather_actual_as_forecast_proxy,blocked_oof_train_price_before_2025_03,0.6241237688665368,,,,,,,,
2025-02-28T11:00:00Z,2025-03-01T08:00:00Z,22,train_fit,2673.32174175,weather_actual_as_forecast_proxy,blocked_oof_train_price_before_2025_03,0.6289480161142094,,,,,,,,
2025-02-28T11:00:00Z,2025-03-01T09:00:00Z,23,train_fit,2702.02958325,weather_actual_as_forecast_proxy,blocked_oof_train_price_before_2025_03,0.6016698018161359,,,,,,,,
2025-02-28T11:00:00Z,2025-03-01T10:00:00Z,24,train_fit,2686.0640585,weather_actual_as_forecast_proxy,blocked_oof_train_price_before_2025_03,0.5851440725634153,,,,,,,,
2025-02-28T11:00:00Z,2025-03-01T11:00:00Z,25,train_fit,2636.0821195,weather_actual_as_forecast_proxy,blocked_oof_train_price_before_2025_03,0.5539235358470243,,,,,,,,
2025-02-28T11:00:00Z,2025-03-01T12:00:00Z,26,train_fit,2599.61577975,weather_actual_as_forecast_proxy,blocked_oof_train_price_before_2025_03,0.5500338017190862,,,,,,,,
2025-02-28T11:00:00Z,2025-03-01T13:00:00Z,27,train_fit,2575.0502185,weather_actual_as_forecast_proxy,blocked_oof_train_price_before_2025_03,0.5583187871040236,,,,,,,,
2025-02-28T11:00:00Z,2025-03-01T14:00:00Z,28,train_fit,2614.85957625,weather_actual_as_forecast_proxy,blocked_oof_train_price_before_2025_03,0.6075732811627444,,,,,,,,
2025-02-28T11:00:00Z,2025-03-01T15:00:00Z,29,train_fit,2697.23635625,weather_actual_as_forecast_proxy,blocked_oof_train_price_before_2025_03,0.7123717497011447,,,,,,,,
2025-02-28T11:00:00Z,2025-03-01T16:00:00Z,30,train_fit,2819.84442325,weather_actual_as_forecast_proxy,blocked_oof_train_price_before_2025_03,0.7804948307426578,,,,,,,,
2025-02-28T11:00:00Z,2025-03-01T17:00:00Z,31,train_fit,2855.3512435,weather_actual_as_forecast_proxy,blocked_oof_train_price_before_2025_03,0.7849670542349271,,,,,,,,
2025-02-28T11:00:00Z,2025-03-01T18:00:00Z,32,train_fit,2774.44753725,weather_actual_as_forecast_proxy,blocked_oof_train_price_before_2025_03,0.7399682995592225,,,,,,,,
2025-02-28T11:00:00Z,2025-03-01T19:00:00Z,33,train_fit,2683.8246639999998,weather_actual_as_forecast_proxy,blocked_oof_train_price_before_2025_03,0.667115612078755,,,,,,,,
2025-02-28T11:00:00Z,2025-03-01T20:00:00Z,34,train_fit,2614.965191,weather_actual_as_forecast_proxy,blocked_oof_train_price_before_2025_03,0.6172787144895538,,,,,,,,
2025-02-28T11:00:00Z,2025-03-01T21:00:00Z,35,train_fit,2553.4831157500003,weather_actual_as_forecast_proxy,blocked_oof_train_price_before_2025_03,0.5455162695201548,,,,,,,,
2025-02-28T11:00:00Z,2025-03-01T22:00:00Z,36,train_fit,2480.94357425,weather_actual_as_forecast_proxy,blocked_oof_train_price_before_2025_03,0.5006850430995471,,,,,,,,
2025-03-01T11:00:00Z,2025-03-01T11:00:00Z,1,train_fit,2636.0821195,weather_actual_as_forecast_proxy,blocked_oof_train_price_before_2025_03,0.4527210617627126,,,,,,,,
2025-03-01T11:00:00Z,2025-03-01T12:00:00Z,2,train_fit,2599.61577975,weather_actual_as_forecast_proxy,blocked_oof_train_price_before_2025_03,0.4595521590623838,,,,,,,,
2025-03-01T11:00:00Z,2025-03-01T13:00:00Z,3,train_fit,2575.0502185,weather_actual_as_forecast_proxy,blocked_oof_train_price_before_2025_03,0.4689484843314625,,,,,,,,
2025-03-01T11:00:00Z,2025-03-01T14:00:00Z,4,train_fit,2614.85957625,weather_actual_as_forecast_proxy,blocked_oof_train_price_before_2025_03,0.516866869066935,,,,,,,,
2025-03-01T11:00:00Z,2025-03-01T15:00:00Z,5,train_fit,2697.23635625,weather_actual_as_forecast_proxy,blocked_oof_train_price_before_2025_03,0.6173321874413759,,,,,,,,
2025-03-01T11:00:00Z,2025-03-01T16:00:00Z,6,train_fit,2819.84442325,weather_actual_as_forecast_proxy,blocked_oof_train_price_before_2025_03,0.6931000348421055,,,,,,,,
2025-03-01T11:00:00Z,2025-03-01T17:00:00Z,7,train_fit,2855.3512435,weather_actual_as_forecast_proxy,blocked_oof_train_price_before_2025_03,0.6960309022128921,,,,,,,,
2025-03-01T11:00:00Z,2025-03-01T18:00:00Z,8,train_fit,2774.44753725,weather_actual_as_forecast_proxy,blocked_oof_train_price_before_2025_03,0.6590123511161616,,,,,,,,
2025-03-01T11:00:00Z,2025-03-01T19:00:00Z,9,train_fit,2683.8246639999998,weather_actual_as_forecast_proxy,blocked_oof_train_price_before_2025_03,0.5956243253366051,,,,,,,,
2025-03-01T11:00:00Z,2025-03-01T20:00:00Z,10,train_fit,2614.965191,weather_actual_as_forecast_proxy,blocked_oof_train_price_before_2025_03,0.567884640210841,,,,,,,,
2025-03-01T11:00:00Z,2025-03-01T21:00:00Z,11,train_fit,2553.4831157500003,weather_actual_as_forecast_proxy,blocked_oof_train_price_before_2025_03,0.49804510918899686,,,,,,,,
2025-03-01T11:00:00Z,2025-03-01T22:00:00Z,12,train_fit,2480.94357425,weather_actual_as_forecast_proxy,blocked_oof_train_price_before_2025_03,0.4612330354878612,,,,,,,,
2025-03-01T11:00:00Z,2025-03-01T23:00:00Z,13,train_fit,2426.859812,weather_actual_as_forecast_proxy,blocked_oof_train_price_before_2025_03,0.36559404396013695,,,,,,,,
2025-03-01T11:00:00Z,2025-03-02T00:00:00Z,14,train_fit,2393.64827025,weather_actual_as_forecast_proxy,blocked_oof_train_price_before_2025_03,0.3630508487444692,,,,,,,,
2025-03-01T11:00:00Z,2025-03-02T01:00:00Z,15,train_fit,2374.337966,weather_actual_as_forecast_proxy,blocked_oof_train_price_before_2025_03,0.36268250533439716,,,,,,,,
2025-03-01T11:00:00Z,2025-03-02T02:00:00Z,16,train_fit,2378.4328247500002,weather_actual_as_forecast_proxy,blocked_oof_train_price_before_2025_03,0.36356983659898084,,,,,,,,
2025-03-01T11:00:00Z,2025-03-02T03:00:00Z,17,train_fit,2380.4566325,weather_actual_as_forecast_proxy,blocked_oof_train_price_before_2025_03,0.36892833023624555,,,,,,,,
2025-03-01T11:00:00Z,2025-03-02T04:00:00Z,18,train_fit,2392.6781795,weather_actual_as_forecast_proxy,blocked_oof_train_price_before_2025_03,0.41226153691973083,,,,,,,,
2025-03-01T11:00:00Z,2025-03-02T05:00:00Z,19,train_fit,2417.1697415,weather_actual_as_forecast_proxy,blocked_oof_train_price_before_2025_03,0.4808405646934379,,,,,,,,
2025-03-01T11:00:00Z,2025-03-02T06:00:00Z,20,train_fit,2439.50810275,weather_actual_as_forecast_proxy,blocked_oof_train_price_before_2025_03,0.5190143992774806,,,,,,,,
2025-03-01T11:00:00Z,2025-03-02T07:00:00Z,21,train_fit,2470.56121625,weather_actual_as_forecast_proxy,blocked_oof_train_price_before_2025_03,0.5293826682144834,,,,,,,,
2025-03-01T11:00:00Z,2025-03-02T08:00:00Z,22,train_fit,2486.8956575,weather_actual_as_forecast_proxy,blocked_oof_train_price_before_2025_03,0.5333545335404649,,,,,,,,
2025-03-01T11:00:00Z,2025-03-02T09:00:00Z,23,train_fit,2497.19360875,weather_actual_as_forecast_proxy,blocked_oof_train_price_before_2025_03,0.5246042650628421,,,,,,,,
2025-03-01T11:00:00Z,2025-03-02T10:00:00Z,24,train_fit,2446.61202475,weather_actual_as_forecast_proxy,blocked_oof_train_price_before_2025_03,0.5196956634507459,,,,,,,,
2025-03-01T11:00:00Z,2025-03-02T11:00:00Z,25,train_fit,2451.07273625,weather_actual_as_forecast_proxy,blocked_oof_train_price_before_2025_03,0.5008841596897885,,,,,,,,
2025-03-01T11:00:00Z,2025-03-02T12:00:00Z,26,train_fit,2426.48789375,weather_actual_as_forecast_proxy,blocked_oof_train_price_before_2025_03,0.4942830274490967,,,,,,,,
2025-03-01T11:00:00Z,2025-03-02T13:00:00Z,27,train_fit,2429.45621425,weather_actual_as_forecast_proxy,blocked_oof_train_price_before_2025_03,0.5016417117716959,,,,,,,,
2025-03-01T11:00:00Z,2025-03-02T14:00:00Z,28,train_fit,2522.73406,weather_actual_as_forecast_proxy,blocked_oof_train_price_before_2025_03,0.5538048193305184,,,,,,,,
2025-03-01T11:00:00Z,2025-03-02T15:00:00Z,29,train_fit,2633.265591,weather_actual_as_forecast_proxy,blocked_oof_train_price_before_2025_03,0.6515810497769163,,,,,,,,
2025-03-01T11:00:00Z,2025-03-02T16:00:00Z,30,train_fit,2762.13308225,weather_actual_as_forecast_proxy,blocked_oof_train_price_before_2025_03,0.7357433270843619,,,,,,,,
2025-03-01T11:00:00Z,2025-03-02T17:00:00Z,31,train_fit,2803.75065675,weather_actual_as_forecast_proxy,blocked_oof_train_price_before_2025_03,0.7438733348264753,,,,,,,,
2025-03-01T11:00:00Z,2025-03-02T18:00:00Z,32,train_fit,2733.6239425,weather_actual_as_forecast_proxy,blocked_oof_train_price_before_2025_03,0.716404344320446,,,,,,,,
2025-03-01T11:00:00Z,2025-03-02T19:00:00Z,33,train_fit,2632.0240505,weather_actual_as_forecast_proxy,blocked_oof_train_price_before_2025_03,0.6475908527037669,,,,,,,,
2025-03-01T11:00:00Z,2025-03-02T20:00:00Z,34,train_fit,2544.8358900000003,weather_actual_as_forecast_proxy,blocked_oof_train_price_before_2025_03,0.6036118384924543,,,,,,,,
2025-03-01T11:00:00Z,2025-03-02T21:00:00Z,35,train_fit,2440.83771725,weather_actual_as_forecast_proxy,blocked_oof_train_price_before_2025_03,0.5302239655521361,,,,,,,,
2025-03-01T11:00:00Z,2025-03-02T22:00:00Z,36,train_fit,2341.8499525,weather_actual_as_forecast_proxy,blocked_oof_train_price_before_2025_03,0.48534438977703753,,,,,,,,
2025-03-02T11:00:00Z,2025-03-02T11:00:00Z,1,train_fit,2451.07273625,weather_actual_as_forecast_proxy,blocked_oof_train_price_before_2025_03,0.20067644223304265,,,,,,,,
2025-03-02T11:00:00Z,2025-03-02T12:00:00Z,2,train_fit,2426.48789375,weather_actual_as_forecast_proxy,blocked_oof_train_price_before_2025_03,0.1972638428326144,,,,,,,,
2025-03-02T11:00:00Z,2025-03-02T13:00:00Z,3,train_fit,2429.45621425,weather_actual_as_forecast_proxy,blocked_oof_train_price_before_2025_03,0.20001507142277344,,,,,,,,
2025-03-02T11:00:00Z,2025-03-02T14:00:00Z,4,train_fit,2522.73406,weather_actual_as_forecast_proxy,blocked_oof_train_price_before_2025_03,0.2395319570665678,,,,,,,,
2025-03-02T11:00:00Z,2025-03-02T15:00:00Z,5,train_fit,2633.265591,weather_actual_as_forecast_proxy,blocked_oof_train_price_before_2025_03,0.34742998521305013,,,,,,,,
2025-03-02T11:00:00Z,2025-03-02T16:00:00Z,6,train_fit,2762.13308225,weather_actual_as_forecast_proxy,blocked_oof_train_price_before_2025_03,0.4205599952998311,,,,,,,,
2025-03-02T11:00:00Z,2025-03-02T17:00:00Z,7,train_fit,2803.75065675,weather_actual_as_forecast_proxy,blocked_oof_train_price_before_2025_03,0.4253841220820854,,,,,,,,
2025-03-02T11:00:00Z,2025-03-02T18:00:00Z,8,train_fit,2733.6239425,weather_actual_as_forecast_proxy,blocked_oof_train_price_before_2025_03,0.3901697161320319,,,,,,,,
2025-03-02T11:00:00Z,2025-03-02T19:00:00Z,9,train_fit,2632.0240505,weather_actual_as_forecast_proxy,blocked_oof_train_price_before_2025_03,0.35132773542727974,,,,,,,,
2025-03-02T11:00:00Z,2025-03-02T20:00:00Z,10,train_fit,2544.8358900000003,weather_actual_as_forecast_proxy,blocked_oof_train_price_before_2025_03,0.3123830922042228,,,,,,,,
2025-03-02T11:00:00Z,2025-03-02T21:00:00Z,11,train_fit,2440.83771725,weather_actual_as_forecast_proxy,blocked_oof_train_price_before_2025_03,0.26335982378682754,,,,,,,,
2025-03-02T11:00:00Z,2025-03-02T22:00:00Z,12,train_fit,2341.8499525,weather_actual_as_forecast_proxy,blocked_oof_train_price_before_2025_03,0.23853852696466685,,,,,,,,
2025-03-02T11:00:00Z,2025-03-02T23:00:00Z,13,train_fit,2283.9581965,weather_actual_as_forecast_proxy,blocked_oof_train_price_before_2025_03,0.23645488043225832,,,,,,,,
2025-03-02T11:00:00Z,2025-03-03T00:00:00Z,14,train_fit,2247.9116165,weather_actual_as_forecast_proxy,blocked_oof_train_price_before_2025_03,0.23396011194758914,,,,,,,,
2025-03-02T11:00:00Z,2025-03-03T01:00:00Z,15,train_fit,2248.57591375,weather_actual_as_forecast_proxy,blocked_oof_train_price_before_2025_03,0.24048352378296406,,,,,,,,
2025-03-02T11:00:00Z,2025-03-03T02:00:00Z,16,train_fit,2259.7127,weather_actual_as_forecast_proxy,blocked_oof_train_price_before_2025_03,0.22960209129015666,,,,,,,,
2025-03-02T11:00:00Z,2025-03-03T03:00:00Z,17,train_fit,2287.4405495,weather_actual_as_forecast_proxy,blocked_oof_train_price_before_2025_03,0.2672938507896836,,,,,,,,
2025-03-02T11:00:00Z,2025-03-03T04:00:00Z,18,train_fit,2382.37133275,weather_actual_as_forecast_proxy,blocked_oof_train_price_before_2025_03,0.3956662896771695,,,,,,,,
2025-03-02T11:00:00Z,2025-03-03T05:00:00Z,19,train_fit,2629.3690020000004,weather_actual_as_forecast_proxy,blocked_oof_train_price_before_2025_03,0.6225972842491725,,,,,,,,
2025-03-02T11:00:00Z,2025-03-03T06:00:00Z,20,train_fit,2820.1573005,weather_actual_as_forecast_proxy,blocked_oof_train_price_before_2025_03,0.7413808731516286,,,,,,,,
2025-03-02T11:00:00Z,2025-03-03T07:00:00Z,21,train_fit,2864.3734755,weather_actual_as_forecast_proxy,blocked_oof_train_price_before_2025_03,0.7421335584733113,,,,,,,,
2025-03-02T11:00:00Z,2025-03-03T08:00:00Z,22,train_fit,2794.77199925,weather_actual_as_forecast_proxy,blocked_oof_train_price_before_2025_03,0.7148810455470883,,,,,,,,
2025-03-02T11:00:00Z,2025-03-03T09:00:00Z,23,train_fit,2763.2114357500004,weather_actual_as_forecast_proxy,blocked_oof_train_price_before_2025_03,0.6755316071771298,,,,,,,,
2025-03-02T11:00:00Z,2025-03-03T10:00:00Z,24,train_fit,2706.67514225,weather_actual_as_forecast_proxy,blocked_oof_train_price_before_2025_03,0.6375621114193615,,,,,,,,
2025-03-02T11:00:00Z,2025-03-03T11:00:00Z,25,train_fit,2652.140519,weather_actual_as_forecast_proxy,blocked_oof_train_price_before_2025_03,0.6397066435713231,,,,,,,,
2025-03-02T11:00:00Z,2025-03-03T12:00:00Z,26,train_fit,2599.9717560000004,weather_actual_as_forecast_proxy,blocked_oof_train_price_before_2025_03,0.6463326315762059,,,,,,,,
2025-03-02T11:00:00Z,2025-03-03T13:00:00Z,27,train_fit,2587.3462835,weather_actual_as_forecast_proxy,blocked_oof_train_price_before_2025_03,0.6493553355708036,,,,,,,,
2025-03-02T11:00:00Z,2025-03-03T14:00:00Z,28,train_fit,2629.129712,weather_actual_as_forecast_proxy,blocked_oof_train_price_before_2025_03,0.6765725508602014,,,,,,,,
2025-03-02T11:00:00Z,2025-03-03T15:00:00Z,29,train_fit,2703.17562525,weather_actual_as_forecast_proxy,blocked_oof_train_price_before_2025_03,0.7636515439516692,,,,,,,,
2025-03-02T11:00:00Z,2025-03-03T16:00:00Z,30,train_fit,2841.94697075,weather_actual_as_forecast_proxy,blocked_oof_train_price_before_2025_03,0.8828793947059692,,,,,,,,
2025-03-02T11:00:00Z,2025-03-03T17:00:00Z,31,train_fit,2860.3972484999995,weather_actual_as_forecast_proxy,blocked_oof_train_price_before_2025_03,0.9257244397096256,,,,,,,,
2025-03-02T11:00:00Z,2025-03-03T18:00:00Z,32,train_fit,2803.6880204999998,weather_actual_as_forecast_proxy,blocked_oof_train_price_before_2025_03,0.897555324431013,,,,,,,,
2025-03-02T11:00:00Z,2025-03-03T19:00:00Z,33,train_fit,2742.3594272500004,weather_actual_as_forecast_proxy,blocked_oof_train_price_before_2025_03,0.7909530985643685,,,,,,,,
2025-03-02T11:00:00Z,2025-03-03T20:00:00Z,34,train_fit,2663.278684,weather_actual_as_forecast_proxy,blocked_oof_train_price_before_2025_03,0.6766834637017332,,,,,,,,
2025-03-02T11:00:00Z,2025-03-03T21:00:00Z,35,train_fit,2542.8625030000003,weather_actual_as_forecast_proxy,blocked_oof_train_price_before_2025_03,0.6024239908115256,,,,,,,,
2025-03-02T11:00:00Z,2025-03-03T22:00:00Z,36,train_fit,2448.16126775,weather_actual_as_forecast_proxy,blocked_oof_train_price_before_2025_03,0.5628213216456021,,,,,,,,
2025-03-03T11:00:00Z,2025-03-03T11:00:00Z,1,train_fit,2652.140519,weather_actual_as_forecast_proxy,blocked_oof_train_price_before_2025_03,0.7111146936380195,,,,,,,,
2025-03-03T11:00:00Z,2025-03-03T12:00:00Z,2,train_fit,2599.9717560000004,weather_actual_as_forecast_proxy,blocked_oof_train_price_before_2025_03,0.7098930423696943,,,,,,,,
2025-03-03T11:00:00Z,2025-03-03T13:00:00Z,3,train_fit,2587.3462835,weather_actual_as_forecast_proxy,blocked_oof_train_price_before_2025_03,0.7118354242959524,,,,,,,,
2025-03-03T11:00:00Z,2025-03-03T14:00:00Z,4,train_fit,2629.129712,weather_actual_as_forecast_proxy,blocked_oof_train_price_before_2025_03,0.7325956884939575,,,,,,,,
2025-03-03T11:00:00Z,2025-03-03T15:00:00Z,5,train_fit,2703.17562525,weather_actual_as_forecast_proxy,blocked_oof_train_price_before_2025_03,0.801508331667205,,,,,,,,
2025-03-03T11:00:00Z,2025-03-03T16:00:00Z,6,train_fit,2841.94697075,weather_actual_as_forecast_proxy,blocked_oof_train_price_before_2025_03,0.8991274765648474,,,,,,,,
2025-03-03T11:00:00Z,2025-03-03T17:00:00Z,7,train_fit,2860.3972484999995,weather_actual_as_forecast_proxy,blocked_oof_train_price_before_2025_03,0.9105911607025973,,,,,,,,
2025-03-03T11:00:00Z,2025-03-03T18:00:00Z,8,train_fit,2803.6880204999998,weather_actual_as_forecast_proxy,blocked_oof_train_price_before_2025_03,0.8545294157193994,,,,,,,,
2025-03-03T11:00:00Z,2025-03-03T19:00:00Z,9,train_fit,2742.3594272500004,weather_actual_as_forecast_proxy,blocked_oof_train_price_before_2025_03,0.7462976559436572,,,,,,,,
2025-03-03T11:00:00Z,2025-03-03T20:00:00Z,10,train_fit,2663.278684,weather_actual_as_forecast_proxy,blocked_oof_train_price_before_2025_03,0.642048660298366,,,,,,,,
2025-03-03T11:00:00Z,2025-03-03T21:00:00Z,11,train_fit,2542.8625030000003,weather_actual_as_forecast_proxy,blocked_oof_train_price_before_2025_03,0.5423361709451751,,,,,,,,
2025-03-03T11:00:00Z,2025-03-03T22:00:00Z,12,train_fit,2448.16126775,weather_actual_as_forecast_proxy,blocked_oof_train_price_before_2025_03,0.4880866705193644,,,,,,,,
2025-03-03T11:00:00Z,2025-03-03T23:00:00Z,13,train_fit,2343.62187375,weather_actual_as_forecast_proxy,blocked_oof_train_price_before_2025_03,0.3074277331025649,,,,,,,,
2025-03-03T11:00:00Z,2025-03-04T00:00:00Z,14,train_fit,2287.342526,weather_actual_as_forecast_proxy,blocked_oof_train_price_before_2025_03,0.30895862950701547,,,,,,,,
2025-03-03T11:00:00Z,2025-03-04T01:00:00Z,15,train_fit,2266.3038097500003,weather_actual_as_forecast_proxy,blocked_oof_train_price_before_2025_03,0.30806184485215393,,,,,,,,
2025-03-03T11:00:00Z,2025-03-04T02:00:00Z,16,train_fit,2250.3053117500003,weather_actual_as_forecast_proxy,blocked_oof_train_price_before_2025_03,0.30177627272620305,,,,,,,,
2025-03-03T11:00:00Z,2025-03-04T03:00:00Z,17,train_fit,2266.6385465,weather_actual_as_forecast_proxy,blocked_oof_train_price_before_2025_03,0.3485477217761603,,,,,,,,
2025-03-03T11:00:00Z,2025-03-04T04:00:00Z,18,train_fit,2348.264019,weather_actual_as_forecast_proxy,blocked_oof_train_price_before_2025_03,0.4913023643046903,,,,,,,,
2025-03-03T11:00:00Z,2025-03-04T05:00:00Z,19,train_fit,2581.63989375,weather_actual_as_forecast_proxy,blocked_oof_train_price_before_2025_03,0.7154396137665948,,,,,,,,
2025-03-03T11:00:00Z,2025-03-04T06:00:00Z,20,train_fit,2761.1428185,weather_actual_as_forecast_proxy,blocked_oof_train_price_before_2025_03,0.8629372830541828,,,,,,,,
2025-03-03T11:00:00Z,2025-03-04T07:00:00Z,21,train_fit,2790.6295562500004,weather_actual_as_forecast_proxy,blocked_oof_train_price_before_2025_03,0.8620710012682705,,,,,,,,
2025-03-03T11:00:00Z,2025-03-04T08:00:00Z,22,train_fit,2754.9645895,weather_actual_as_forecast_proxy,blocked_oof_train_price_before_2025_03,0.8439278882393731,,,,,,,,
2025-03-03T11:00:00Z,2025-03-04T09:00:00Z,23,train_fit,2722.9762309999996,weather_actual_as_forecast_proxy,blocked_oof_train_price_before_2025_03,0.7952417608745095,,,,,,,,
2025-03-03T11:00:00Z,2025-03-04T10:00:00Z,24,train_fit,2682.47528475,weather_actual_as_forecast_proxy,blocked_oof_train_price_before_2025_03,0.7497730831948364,,,,,,,,
2025-03-03T11:00:00Z,2025-03-04T11:00:00Z,25,train_fit,2662.538036,weather_actual_as_forecast_proxy,blocked_oof_train_price_before_2025_03,0.7362814201796488,,,,,,,,
2025-03-03T11:00:00Z,2025-03-04T12:00:00Z,26,train_fit,2665.8251444999996,weather_actual_as_forecast_proxy,blocked_oof_train_price_before_2025_03,0.7387604496124114,,,,,,,,
2025-03-03T11:00:00Z,2025-03-04T13:00:00Z,27,train_fit,2690.47108925,weather_actual_as_forecast_proxy,blocked_oof_train_price_before_2025_03,0.7420526138100438,,,,,,,,
2025-03-03T11:00:00Z,2025-03-04T14:00:00Z,28,train_fit,2713.235438,weather_actual_as_forecast_proxy,blocked_oof_train_price_before_2025_03,0.7662987871300171,,,,,,,,
2025-03-03T11:00:00Z,2025-03-04T15:00:00Z,29,train_fit,2741.1247235,weather_actual_as_forecast_proxy,blocked_oof_train_price_before_2025_03,0.8272908155509855,,,,,,,,
2025-03-03T11:00:00Z,2025-03-04T16:00:00Z,30,train_fit,2871.3306447500004,weather_actual_as_forecast_proxy,blocked_oof_train_price_before_2025_03,0.9565162490466672,,,,,,,,
2025-03-03T11:00:00Z,2025-03-04T17:00:00Z,31,train_fit,2862.08702975,weather_actual_as_forecast_proxy,blocked_oof_train_price_before_2025_03,0.9984463957629313,,,,,,,,
2025-03-03T11:00:00Z,2025-03-04T18:00:00Z,32,train_fit,2800.149838,weather_actual_as_forecast_proxy,blocked_oof_train_price_before_2025_03,0.9592532367837145,,,,,,,,
2025-03-03T11:00:00Z,2025-03-04T19:00:00Z,33,train_fit,2724.07249375,weather_actual_as_forecast_proxy,blocked_oof_train_price_before_2025_03,0.8501033233953146,,,,,,,,
2025-03-03T11:00:00Z,2025-03-04T20:00:00Z,34,train_fit,2608.5534654999997,weather_actual_as_forecast_proxy,blocked_oof_train_price_before_2025_03,0.7373235242385698,,,,,,,,
2025-03-03T11:00:00Z,2025-03-04T21:00:00Z,35,train_fit,2487.88193325,weather_actual_as_forecast_proxy,blocked_oof_train_price_before_2025_03,0.6350044130114256,,,,,,,,
2025-03-03T11:00:00Z,2025-03-04T22:00:00Z,36,train_fit,2377.642935,weather_actual_as_forecast_proxy,blocked_oof_train_price_before_2025_03,0.5967959200306361,,,,,,,,
2025-03-04T11:00:00Z,2025-03-04T11:00:00Z,1,train_fit,2662.538036,weather_actual_as_forecast_proxy,blocked_oof_train_price_before_2025_03,0.43878200477230833,,,,,,,,
2025-03-04T11:00:00Z,2025-03-04T12:00:00Z,2,train_fit,2665.8251444999996,weather_actual_as_forecast_proxy,blocked_oof_train_price_before_2025_03,0.43851383404706323,,,,,,,,
2025-03-04T11:00:00Z,2025-03-04T13:00:00Z,3,train_fit,2690.47108925,weather_actual_as_forecast_proxy,blocked_oof_train_price_before_2025_03,0.44244389335934664,,,,,,,,
2025-03-04T11:00:00Z,2025-03-04T14:00:00Z,4,train_fit,2713.235438,weather_actual_as_forecast_proxy,blocked_oof_train_price_before_2025_03,0.47218187161190367,,,,,,,,
2025-03-04T11:00:00Z,2025-03-04T15:00:00Z,5,train_fit,2741.1247235,weather_actual_as_forecast_proxy,blocked_oof_train_price_before_2025_03,0.5287131901237483,,,,,,,,
2025-03-04T11:00:00Z,2025-03-04T16:00:00Z,6,train_fit,2871.3306447500004,weather_actual_as_forecast_proxy,blocked_oof_train_price_before_2025_03,0.5965998462012205,,,,,,,,
2025-03-04T11:00:00Z,2025-03-04T17:00:00Z,7,train_fit,2862.08702975,weather_actual_as_forecast_proxy,blocked_oof_train_price_before_2025_03,0.59939739807499,,,,,,,,
2025-03-04T11:00:00Z,2025-03-04T18:00:00Z,8,train_fit,2800.149838,weather_actual_as_forecast_proxy,blocked_oof_train_price_before_2025_03,0.5569817844571524,,,,,,,,
2025-03-04T11:00:00Z,2025-03-04T19:00:00Z,9,train_fit,2724.07249375,weather_actual_as_forecast_proxy,blocked_oof_train_price_before_2025_03,0.49372578463794536,,,,,,,,
2025-03-04T11:00:00Z,2025-03-04T20:00:00Z,10,train_fit,2608.5534654999997,weather_actual_as_forecast_proxy,blocked_oof_train_price_before_2025_03,0.45044495072668245,,,,,,,,
2025-03-04T11:00:00Z,2025-03-04T21:00:00Z,11,train_fit,2487.88193325,weather_actual_as_forecast_proxy,blocked_oof_train_price_before_2025_03,0.3971569501744754,,,,,,,,
2025-03-04T11:00:00Z,2025-03-04T22:00:00Z,12,train_fit,2377.642935,weather_actual_as_forecast_proxy,blocked_oof_train_price_before_2025_03,0.3668282576320193,,,,,,,,
2025-03-04T11:00:00Z,2025-03-04T23:00:00Z,13,train_fit,2286.9591657499996,weather_actual_as_forecast_proxy,blocked_oof_train_price_before_2025_03,0.22398315824436368,,,,,,,,
2025-03-04T11:00:00Z,2025-03-05T00:00:00Z,14,train_fit,2235.0531295,weather_actual_as_forecast_proxy,blocked_oof_train_price_before_2025_03,0.22176373900376528,,,,,,,,
2025-03-04T11:00:00Z,2025-03-05T01:00:00Z,15,train_fit,2211.5909702500003,weather_actual_as_forecast_proxy,blocked_oof_train_price_before_2025_03,0.2248263578117572,,,,,,,,
2025-03-04T11:00:00Z,2025-03-05T02:00:00Z,16,train_fit,2200.4551030000002,weather_actual_as_forecast_proxy,blocked_oof_train_price_before_2025_03,0.23141184933495115,,,,,,,,
2025-03-04T11:00:00Z,2025-03-05T03:00:00Z,17,train_fit,2194.992771,weather_actual_as_forecast_proxy,blocked_oof_train_price_before_2025_03,0.2725104080895099,,,,,,,,
2025-03-04T11:00:00Z,2025-03-05T04:00:00Z,18,train_fit,2289.5400005,weather_actual_as_forecast_proxy,blocked_oof_train_price_before_2025_03,0.36900225088970845,,,,,,,,
2025-03-04T11:00:00Z,2025-03-05T05:00:00Z,19,train_fit,2518.245492,weather_actual_as_forecast_proxy,blocked_oof_train_price_before_2025_03,0.5451740721295328,,,,,,,,
2025-03-04T11:00:00Z,2025-03-05T06:00:00Z,20,train_fit,2694.01103425,weather_actual_as_forecast_proxy,blocked_oof_train_price_before_2025_03,0.585180315974637,,,,,,,,
2025-03-04T11:00:00Z,2025-03-05T07:00:00Z,21,train_fit,2753.4205867500004,weather_actual_as_forecast_proxy,blocked_oof_train_price_before_2025_03,0.5763198107807526,,,,,,,,
2025-03-04T11:00:00Z,2025-03-05T08:00:00Z,22,train_fit,2740.484303,weather_actual_as_forecast_proxy,blocked_oof_train_price_before_2025_03,0.5518074660939021,,,,,,,,
2025-03-04T11:00:00Z,2025-03-05T09:00:00Z,23,train_fit,2695.45813325,weather_actual_as_forecast_proxy,blocked_oof_train_price_before_2025_03,0.5177458306568564,,,,,,,,
2025-03-04T11:00:00Z,2025-03-05T10:00:00Z,24,train_fit,2698.58527525,weather_actual_as_forecast_proxy,blocked_oof_train_price_before_2025_03,0.48039437347247005,,,,,,,,
2025-03-04T11:00:00Z,2025-03-05T11:00:00Z,25,train_fit,2674.0678482499998,weather_actual_as_forecast_proxy,blocked_oof_train_price_before_2025_03,0.4536067621465751,,,,,,,,
2025-03-04T11:00:00Z,2025-03-05T12:00:00Z,26,train_fit,2655.6868680000002,weather_actual_as_forecast_proxy,blocked_oof_train_price_before_2025_03,0.45621502732598024,,,,,,,,
2025-03-04T11:00:00Z,2025-03-05T13:00:00Z,27,train_fit,2675.2265145,weather_actual_as_forecast_proxy,blocked_oof_train_price_before_2025_03,0.467720418575137,,,,,,,,
2025-03-04T11:00:00Z,2025-03-05T14:00:00Z,28,train_fit,2688.562655,weather_actual_as_forecast_proxy,blocked_oof_train_price_before_2025_03,0.5003476590108018,,,,,,,,
2025-03-04T11:00:00Z,2025-03-05T15:00:00Z,29,train_fit,2734.2885152500003,weather_actual_as_forecast_proxy,blocked_oof_train_price_before_2025_03,0.5552450157249489,,,,,,,,
2025-03-04T11:00:00Z,2025-03-05T16:00:00Z,30,train_fit,2840.413131,weather_actual_as_forecast_proxy,blocked_oof_train_price_before_2025_03,0.6224238978778281,,,,,,,,
2025-03-04T11:00:00Z,2025-03-05T17:00:00Z,31,train_fit,2850.9086952499997,weather_actual_as_forecast_proxy,blocked_oof_train_price_before_2025_03,0.6266148744857563,,,,,,,,
2025-03-04T11:00:00Z,2025-03-05T18:00:00Z,32,train_fit,2781.18220025,weather_actual_as_forecast_proxy,blocked_oof_train_price_before_2025_03,0.6218751175736883,,,,,,,,
2025-03-04T11:00:00Z,2025-03-05T19:00:00Z,33,train_fit,2685.094281,weather_actual_as_forecast_proxy,blocked_oof_train_price_before_2025_03,0.5651043223759451,,,,,,,,
2025-03-04T11:00:00Z,2025-03-05T20:00:00Z,34,train_fit,2562.522627,weather_actual_as_forecast_proxy,blocked_oof_train_price_before_2025_03,0.5162629837954142,,,,,,,,
2025-03-04T11:00:00Z,2025-03-05T21:00:00Z,35,train_fit,2421.78182775,weather_actual_as_forecast_proxy,blocked_oof_train_price_before_2025_03,0.4625168007462076,,,,,,,,
2025-03-04T11:00:00Z,2025-03-05T22:00:00Z,36,train_fit,2298.8643627499996,weather_actual_as_forecast_proxy,blocked_oof_train_price_before_2025_03,0.43142854751922266,,,,,,,,
2025-03-05T11:00:00Z,2025-03-05T11:00:00Z,1,train_fit,2674.0678482499998,weather_actual_as_forecast_proxy,blocked_oof_train_price_before_2025_03,0.41271245820162106,,,,,,,,
2025-03-05T11:00:00Z,2025-03-05T12:00:00Z,2,train_fit,2655.6868680000002,weather_actual_as_forecast_proxy,blocked_oof_train_price_before_2025_03,0.41379619636016296,,,,,,,,
2025-03-05T11:00:00Z,2025-03-05T13:00:00Z,3,train_fit,2675.2265145,weather_actual_as_forecast_proxy,blocked_oof_train_price_before_2025_03,0.41729160621665895,,,,,,,,
2025-03-05T11:00:00Z,2025-03-05T14:00:00Z,4,train_fit,2688.562655,weather_actual_as_forecast_proxy,blocked_oof_train_price_before_2025_03,0.44543864682669576,,,,,,,,
2025-03-05T11:00:00Z,2025-03-05T15:00:00Z,5,train_fit,2734.2885152500003,weather_actual_as_forecast_proxy,blocked_oof_train_price_before_2025_03,0.498302279808097,,,,,,,,
2025-03-05T11:00:00Z,2025-03-05T16:00:00Z,6,train_fit,2840.413131,weather_actual_as_forecast_proxy,blocked_oof_train_price_before_2025_03,0.5413040126796917,,,,,,,,
2025-03-05T11:00:00Z,2025-03-05T17:00:00Z,7,train_fit,2850.9086952499997,weather_actual_as_forecast_proxy,blocked_oof_train_price_before_2025_03,0.5274957360478194,,,,,,,,
2025-03-05T11:00:00Z,2025-03-05T18:00:00Z,8,train_fit,2781.18220025,weather_actual_as_forecast_proxy,blocked_oof_train_price_before_2025_03,0.512229618524948,,,,,,,,
2025-03-05T11:00:00Z,2025-03-05T19:00:00Z,9,train_fit,2685.094281,weather_actual_as_forecast_proxy,blocked_oof_train_price_before_2025_03,0.4619642268164075,,,,,,,,
2025-03-05T11:00:00Z,2025-03-05T20:00:00Z,10,train_fit,2562.522627,weather_actual_as_forecast_proxy,blocked_oof_train_price_before_2025_03,0.4001002737225666,,,,,,,,
2025-03-05T11:00:00Z,2025-03-05T21:00:00Z,11,train_fit,2421.78182775,weather_actual_as_forecast_proxy,blocked_oof_train_price_before_2025_03,0.3527223593966205,,,,,,,,
2025-03-05T11:00:00Z,2025-03-05T22:00:00Z,12,train_fit,2298.8643627499996,weather_actual_as_forecast_proxy,blocked_oof_train_price_before_2025_03,0.32519577259721594,,,,,,,,
2025-03-05T11:00:00Z,2025-03-05T23:00:00Z,13,train_fit,2213.9365639999996,weather_actual_as_forecast_proxy,blocked_oof_train_price_before_2025_03,0.22036264027290633,,,,,,,,
2025-03-05T11:00:00Z,2025-03-06T00:00:00Z,14,train_fit,2163.119788,weather_actual_as_forecast_proxy,blocked_oof_train_price_before_2025_03,0.2224416529226957,,,,,,,,
2025-03-05T11:00:00Z,2025-03-06T01:00:00Z,15,train_fit,2139.9924615,weather_actual_as_forecast_proxy,blocked_oof_train_price_before_2025_03,0.22669438247486523,,,,,,,,
2025-03-05T11:00:00Z,2025-03-06T02:00:00Z,16,train_fit,2114.84535875,weather_actual_as_forecast_proxy,blocked_oof_train_price_before_2025_03,0.23673874204609444,,,,,,,,
2025-03-05T11:00:00Z,2025-03-06T03:00:00Z,17,train_fit,2122.54342575,weather_actual_as_forecast_proxy,blocked_oof_train_price_before_2025_03,0.2788780065743256,,,,,,,,
2025-03-05T11:00:00Z,2025-03-06T04:00:00Z,18,train_fit,2216.38074975,weather_actual_as_forecast_proxy,blocked_oof_train_price_before_2025_03,0.37486275351525994,,,,,,,,
2025-03-05T11:00:00Z,2025-03-06T05:00:00Z,19,train_fit,2448.941973,weather_actual_as_forecast_proxy,blocked_oof_train_price_before_2025_03,0.5247084319796667,,,,,,,,
2025-03-05T11:00:00Z,2025-03-06T06:00:00Z,20,train_fit,2616.75131325,weather_actual_as_forecast_proxy,blocked_oof_train_price_before_2025_03,0.6052449181711634,,,,,,,,
2025-03-05T11:00:00Z,2025-03-06T07:00:00Z,21,train_fit,2658.2147305000003,weather_actual_as_forecast_proxy,blocked_oof_train_price_before_2025_03,0.6128425830931845,,,,,,,,
2025-03-05T11:00:00Z,2025-03-06T08:00:00Z,22,train_fit,2667.83070125,weather_actual_as_forecast_proxy,blocked_oof_train_price_before_2025_03,0.6080237310070922,,,,,,,,
2025-03-05T11:00:00Z,2025-03-06T09:00:00Z,23,train_fit,2628.61892275,weather_actual_as_forecast_proxy,blocked_oof_train_price_before_2025_03,0.529246069238416,,,,,,,,
2025-03-05T11:00:00Z,2025-03-06T10:00:00Z,24,train_fit,2570.943721,weather_actual_as_forecast_proxy,blocked_oof_train_price_before_2025_03,0.4942097060221258,,,,,,,,
2025-03-05T11:00:00Z,2025-03-06T11:00:00Z,25,train_fit,2530.7107925,weather_actual_as_forecast_proxy,blocked_oof_train_price_before_2025_03,0.4636873873824483,,,,,,,,
2025-03-05T11:00:00Z,2025-03-06T12:00:00Z,26,train_fit,2518.76719025,weather_actual_as_forecast_proxy,blocked_oof_train_price_before_2025_03,0.4849068433007724,,,,,,,,
2025-03-05T11:00:00Z,2025-03-06T13:00:00Z,27,train_fit,2519.4001055000003,weather_actual_as_forecast_proxy,blocked_oof_train_price_before_2025_03,0.48900364885039993,,,,,,,,
2025-03-05T11:00:00Z,2025-03-06T14:00:00Z,28,train_fit,2523.5006587499997,weather_actual_as_forecast_proxy,blocked_oof_train_price_before_2025_03,0.5216324344037858,,,,,,,,
2025-03-05T11:00:00Z,2025-03-06T15:00:00Z,29,train_fit,2572.28810875,weather_actual_as_forecast_proxy,blocked_oof_train_price_before_2025_03,0.5728997998334348,,,,,,,,
2025-03-05T11:00:00Z,2025-03-06T16:00:00Z,30,train_fit,2701.7761462500002,weather_actual_as_forecast_proxy,blocked_oof_train_price_before_2025_03,0.6291614571868934,,,,,,,,
2025-03-05T11:00:00Z,2025-03-06T17:00:00Z,31,train_fit,2767.7479572499997,weather_actual_as_forecast_proxy,blocked_oof_train_price_before_2025_03,0.6580373187663714,,,,,,,,
2025-03-05T11:00:00Z,2025-03-06T18:00:00Z,32,train_fit,2738.59433,weather_actual_as_forecast_proxy,blocked_oof_train_price_before_2025_03,0.6216157363335061,,,,,,,,
2025-03-05T11:00:00Z,2025-03-06T19:00:00Z,33,train_fit,2650.5111405000002,weather_actual_as_forecast_proxy,blocked_oof_train_price_before_2025_03,0.6003079792164099,,,,,,,,
2025-03-05T11:00:00Z,2025-03-06T20:00:00Z,34,train_fit,2537.952302,weather_actual_as_forecast_proxy,blocked_oof_train_price_before_2025_03,0.5299678414497178,,,,,,,,
2025-03-05T11:00:00Z,2025-03-06T21:00:00Z,35,train_fit,2427.911266,weather_actual_as_forecast_proxy,blocked_oof_train_price_before_2025_03,0.48099860003807915,,,,,,,,
2025-03-05T11:00:00Z,2025-03-06T22:00:00Z,36,train_fit,2344.8335829999996,weather_actual_as_forecast_proxy,blocked_oof_train_price_before_2025_03,0.4525774861310921,,,,,,,,
2025-03-06T11:00:00Z,2025-03-06T11:00:00Z,1,train_fit,2530.7107925,weather_actual_as_forecast_proxy,blocked_oof_train_price_before_2025_03,0.5146666475358048,,,,,,,,
2025-03-06T11:00:00Z,2025-03-06T12:00:00Z,2,train_fit,2518.76719025,weather_actual_as_forecast_proxy,blocked_oof_train_price_before_2025_03,0.5167670992220885,,,,,,,,
2025-03-06T11:00:00Z,2025-03-06T13:00:00Z,3,train_fit,2519.4001055000003,weather_actual_as_forecast_proxy,blocked_oof_train_price_before_2025_03,0.5165583987129434,,,,,,,,
2025-03-06T11:00:00Z,2025-03-06T14:00:00Z,4,train_fit,2523.5006587499997,weather_actual_as_forecast_proxy,blocked_oof_train_price_before_2025_03,0.5488087044360574,,,,,,,,
2025-03-06T11:00:00Z,2025-03-06T15:00:00Z,5,train_fit,2572.28810875,weather_actual_as_forecast_proxy,blocked_oof_train_price_before_2025_03,0.6003952536511931,,,,,,,,
2025-03-06T11:00:00Z,2025-03-06T16:00:00Z,6,train_fit,2701.7761462500002,weather_actual_as_forecast_proxy,blocked_oof_train_price_before_2025_03,0.6597032946717386,,,,,,,,
2025-03-06T11:00:00Z,2025-03-06T17:00:00Z,7,train_fit,2767.7479572499997,weather_actual_as_forecast_proxy,blocked_oof_train_price_before_2025_03,0.6715849973680221,,,,,,,,
2025-03-06T11:00:00Z,2025-03-06T18:00:00Z,8,train_fit,2738.59433,weather_actual_as_forecast_proxy,blocked_oof_train_price_before_2025_03,0.609021342689559,,,,,,,,
2025-03-06T11:00:00Z,2025-03-06T19:00:00Z,9,train_fit,2650.5111405000002,weather_actual_as_forecast_proxy,blocked_oof_train_price_before_2025_03,0.5596175888440877,,,,,,,,
2025-03-06T11:00:00Z,2025-03-06T20:00:00Z,10,train_fit,2537.952302,weather_actual_as_forecast_proxy,blocked_oof_train_price_before_2025_03,0.4949655315788798,,,,,,,,
2025-03-06T11:00:00Z,2025-03-06T21:00:00Z,11,train_fit,2427.911266,weather_actual_as_forecast_proxy,blocked_oof_train_price_before_2025_03,0.4460445798453909,,,,,,,,
2025-03-06T11:00:00Z,2025-03-06T22:00:00Z,12,train_fit,2344.8335829999996,weather_actual_as_forecast_proxy,blocked_oof_train_price_before_2025_03,0.40882362223514856,,,,,,,,
2025-03-06T11:00:00Z,2025-03-06T23:00:00Z,13,train_fit,2283.5055385,weather_actual_as_forecast_proxy,blocked_oof_train_price_before_2025_03,0.26022097068733896,,,,,,,,
2025-03-06T11:00:00Z,2025-03-07T00:00:00Z,14,train_fit,2226.560897,weather_actual_as_forecast_proxy,blocked_oof_train_price_before_2025_03,0.26141821934696374,,,,,,,,
2025-03-06T11:00:00Z,2025-03-07T01:00:00Z,15,train_fit,2188.6359595,weather_actual_as_forecast_proxy,blocked_oof_train_price_before_2025_03,0.2602091478881485,,,,,,,,
2025-03-06T11:00:00Z,2025-03-07T02:00:00Z,16,train_fit,2170.1047915,weather_actual_as_forecast_proxy,blocked_oof_train_price_before_2025_03,0.2661158063879747,,,,,,,,
2025-03-06T11:00:00Z,2025-03-07T03:00:00Z,17,train_fit,2208.5391987499997,weather_actual_as_forecast_proxy,blocked_oof_train_price_before_2025_03,0.2963768929330004,,,,,,,,
2025-03-06T11:00:00Z,2025-03-07T04:00:00Z,18,train_fit,2319.1988837500003,weather_actual_as_forecast_proxy,blocked_oof_train_price_before_2025_03,0.38017309291682166,,,,,,,,
2025-03-06T11:00:00Z,2025-03-07T05:00:00Z,19,train_fit,2557.63024075,weather_actual_as_forecast_proxy,blocked_oof_train_price_before_2025_03,0.5187827863966896,,,,,,,,
2025-03-06T11:00:00Z,2025-03-07T06:00:00Z,20,train_fit,2722.5529035,weather_actual_as_forecast_proxy,blocked_oof_train_price_before_2025_03,0.6457963694302068,,,,,,,,
2025-03-06T11:00:00Z,2025-03-07T07:00:00Z,21,train_fit,2743.70199775,weather_actual_as_forecast_proxy,blocked_oof_train_price_before_2025_03,0.7296731874233241,,,,,,,,
2025-03-06T11:00:00Z,2025-03-07T08:00:00Z,22,train_fit,2673.5910065,weather_actual_as_forecast_proxy,blocked_oof_train_price_before_2025_03,0.6641160173067369,,,,,,,,
2025-03-06T11:00:00Z,2025-03-07T09:00:00Z,23,train_fit,2605.3927995000004,weather_actual_as_forecast_proxy,blocked_oof_train_price_before_2025_03,0.5876722298309593,,,,,,,,
2025-03-06T11:00:00Z,2025-03-07T10:00:00Z,24,train_fit,2506.5317055,weather_actual_as_forecast_proxy,blocked_oof_train_price_before_2025_03,0.5122689566396468,,,,,,,,
2025-03-06T11:00:00Z,2025-03-07T11:00:00Z,25,train_fit,2441.73367225,weather_actual_as_forecast_proxy,blocked_oof_train_price_before_2025_03,0.4766845014683307,,,,,,,,
2025-03-06T11:00:00Z,2025-03-07T12:00:00Z,26,train_fit,2367.9596595,weather_actual_as_forecast_proxy,blocked_oof_train_price_before_2025_03,0.4850630061985452,,,,,,,,
2025-03-06T11:00:00Z,2025-03-07T13:00:00Z,27,train_fit,2330.763135,weather_actual_as_forecast_proxy,blocked_oof_train_price_before_2025_03,0.4846927294696333,,,,,,,,
2025-03-06T11:00:00Z,2025-03-07T14:00:00Z,28,train_fit,2327.4293052499997,weather_actual_as_forecast_proxy,blocked_oof_train_price_before_2025_03,0.5127421506486867,,,,,,,,
2025-03-06T11:00:00Z,2025-03-07T15:00:00Z,29,train_fit,2406.0624065,weather_actual_as_forecast_proxy,blocked_oof_train_price_before_2025_03,0.5624182562452671,,,,,,,,
2025-03-06T11:00:00Z,2025-03-07T16:00:00Z,30,train_fit,2555.67055875,weather_actual_as_forecast_proxy,blocked_oof_train_price_before_2025_03,0.6656385278370985,,,,,,,,
2025-03-06T11:00:00Z,2025-03-07T17:00:00Z,31,train_fit,2602.326594,weather_actual_as_forecast_proxy,blocked_oof_train_price_before_2025_03,0.6720526714679138,,,,,,,,
2025-03-06T11:00:00Z,2025-03-07T18:00:00Z,32,train_fit,2523.67834825,weather_actual_as_forecast_proxy,blocked_oof_train_price_before_2025_03,0.6151357875651358,,,,,,,,
2025-03-06T11:00:00Z,2025-03-07T19:00:00Z,33,train_fit,2403.5322465,weather_actual_as_forecast_proxy,blocked_oof_train_price_before_2025_03,0.5663532670267162,,,,,,,,
2025-03-06T11:00:00Z,2025-03-07T20:00:00Z,34,train_fit,2296.69786175,weather_actual_as_forecast_proxy,blocked_oof_train_price_before_2025_03,0.5222609276370388,,,,,,,,
2025-03-06T11:00:00Z,2025-03-07T21:00:00Z,35,train_fit,2196.250664,weather_actual_as_forecast_proxy,blocked_oof_train_price_before_2025_03,0.47350438638218223,,,,,,,,
2025-03-06T11:00:00Z,2025-03-07T22:00:00Z,36,train_fit,2104.6746935,weather_actual_as_forecast_proxy,blocked_oof_train_price_before_2025_03,0.4388439089078349,,,,,,,,
2025-03-07T11:00:00Z,2025-03-07T11:00:00Z,1,train_fit,2441.73367225,weather_actual_as_forecast_proxy,blocked_oof_train_price_before_2025_03,0.5205341274301425,,,,,,,,
2025-03-07T11:00:00Z,2025-03-07T12:00:00Z,2,train_fit,2367.9596595,weather_actual_as_forecast_proxy,blocked_oof_train_price_before_2025_03,0.5282879439132486,,,,,,,,
2025-03-07T11:00:00Z,2025-03-07T13:00:00Z,3,train_fit,2330.763135,weather_actual_as_forecast_proxy,blocked_oof_train_price_before_2025_03,0.5250795929334939,,,,,,,,
2025-03-07T11:00:00Z,2025-03-07T14:00:00Z,4,train_fit,2327.4293052499997,weather_actual_as_forecast_proxy,blocked_oof_train_price_before_2025_03,0.5558845254434241,,,,,,,,
2025-03-07T11:00:00Z,2025-03-07T15:00:00Z,5,train_fit,2406.0624065,weather_actual_as_forecast_proxy,blocked_oof_train_price_before_2025_03,0.6217494465382004,,,,,,,,
2025-03-07T11:00:00Z,2025-03-07T16:00:00Z,6,train_fit,2555.67055875,weather_actual_as_forecast_proxy,blocked_oof_train_price_before_2025_03,0.6649973276881842,,,,,,,,
2025-03-07T11:00:00Z,2025-03-07T17:00:00Z,7,train_fit,2602.326594,weather_actual_as_forecast_proxy,blocked_oof_train_price_before_2025_03,0.640790315271432,,,,,,,,
2025-03-07T11:00:00Z,2025-03-07T18:00:00Z,8,train_fit,2523.67834825,weather_actual_as_forecast_proxy,blocked_oof_train_price_before_2025_03,0.623431393663913,,,,,,,,
2025-03-07T11:00:00Z,2025-03-07T19:00:00Z,9,train_fit,2403.5322465,weather_actual_as_forecast_proxy,blocked_oof_train_price_before_2025_03,0.6013435160723335,,,,,,,,
2025-03-07T11:00:00Z,2025-03-07T20:00:00Z,10,train_fit,2296.69786175,weather_actual_as_forecast_proxy,blocked_oof_train_price_before_2025_03,0.5747764684368921,,,,,,,,
2025-03-07T11:00:00Z,2025-03-07T21:00:00Z,11,train_fit,2196.250664,weather_actual_as_forecast_proxy,blocked_oof_train_price_before_2025_03,0.5370760849274259,,,,,,,,
2025-03-07T11:00:00Z,2025-03-07T22:00:00Z,12,train_fit,2104.6746935,weather_actual_as_forecast_proxy,blocked_oof_train_price_before_2025_03,0.4997775700979204,,,,,,,,
2025-03-07T11:00:00Z,2025-03-07T23:00:00Z,13,train_fit,2063.706065,weather_actual_as_forecast_proxy,blocked_oof_train_price_before_2025_03,0.3991193173853845,,,,,,,,
2025-03-07T11:00:00Z,2025-03-08T00:00:00Z,14,train_fit,2023.4041519999998,weather_actual_as_forecast_proxy,blocked_oof_train_price_before_2025_03,0.39852080851168004,,,,,,,,
2025-03-07T11:00:00Z,2025-03-08T01:00:00Z,15,train_fit,1979.8173395,weather_actual_as_forecast_proxy,blocked_oof_train_price_before_2025_03,0.3983432027291637,,,,,,,,
2025-03-07T11:00:00Z,2025-03-08T02:00:00Z,16,train_fit,1978.01174,weather_actual_as_forecast_proxy,blocked_oof_train_price_before_2025_03,0.39962677545116,,,,,,,,
2025-03-07T11:00:00Z,2025-03-08T03:00:00Z,17,train_fit,1981.9246782500002,weather_actual_as_forecast_proxy,blocked_oof_train_price_before_2025_03,0.41051981636865037,,,,,,,,
2025-03-07T11:00:00Z,2025-03-08T04:00:00Z,18,train_fit,2007.71815075,weather_actual_as_forecast_proxy,blocked_oof_train_price_before_2025_03,0.42510395230334,,,,,,,,
2025-03-07T11:00:00Z,2025-03-08T05:00:00Z,19,train_fit,2061.013752,weather_actual_as_forecast_proxy,blocked_oof_train_price_before_2025_03,0.4584043941889308,,,,,,,,
2025-03-07T11:00:00Z,2025-03-08T06:00:00Z,20,train_fit,2106.1365162499997,weather_actual_as_forecast_proxy,blocked_oof_train_price_before_2025_03,0.5011968995621098,,,,,,,,
2025-03-07T11:00:00Z,2025-03-08T07:00:00Z,21,train_fit,2180.01796625,weather_actual_as_forecast_proxy,blocked_oof_train_price_before_2025_03,0.5078003492154658,,,,,,,,
2025-03-07T11:00:00Z,2025-03-08T08:00:00Z,22,train_fit,2235.902908,weather_actual_as_forecast_proxy,blocked_oof_train_price_before_2025_03,0.49608573713821624,,,,,,,,
2025-03-07T11:00:00Z,2025-03-08T09:00:00Z,23,train_fit,2249.975395,weather_actual_as_forecast_proxy,blocked_oof_train_price_before_2025_03,0.48096799930854883,,,,,,,,
2025-03-07T11:00:00Z,2025-03-08T10:00:00Z,24,train_fit,2243.04384675,weather_actual_as_forecast_proxy,blocked_oof_train_price_before_2025_03,0.4694918240660501,,,,,,,,
2025-03-07T11:00:00Z,2025-03-08T11:00:00Z,25,train_fit,2228.7850314999996,weather_actual_as_forecast_proxy,blocked_oof_train_price_before_2025_03,0.44800599404450314,,,,,,,,
2025-03-07T11:00:00Z,2025-03-08T12:00:00Z,26,train_fit,2202.2893697500003,weather_actual_as_forecast_proxy,blocked_oof_train_price_before_2025_03,0.4556379414814906,,,,,,,,
2025-03-07T11:00:00Z,2025-03-08T13:00:00Z,27,train_fit,2179.27089925,weather_actual_as_forecast_proxy,blocked_oof_train_price_before_2025_03,0.4561205762376249,,,,,,,,
2025-03-07T11:00:00Z,2025-03-08T14:00:00Z,28,train_fit,2181.7035205,weather_actual_as_forecast_proxy,blocked_oof_train_price_before_2025_03,0.4863905353163972,,,,,,,,
2025-03-07T11:00:00Z,2025-03-08T15:00:00Z,29,train_fit,2272.72796,weather_actual_as_forecast_proxy,blocked_oof_train_price_before_2025_03,0.5644975914636736,,,,,,,,
2025-03-07T11:00:00Z,2025-03-08T16:00:00Z,30,train_fit,2421.21465325,weather_actual_as_forecast_proxy,blocked_oof_train_price_before_2025_03,0.6286917524971429,,,,,,,,
2025-03-07T11:00:00Z,2025-03-08T17:00:00Z,31,train_fit,2511.87257975,weather_actual_as_forecast_proxy,blocked_oof_train_price_before_2025_03,0.6321368509062063,,,,,,,,
2025-03-07T11:00:00Z,2025-03-08T18:00:00Z,32,train_fit,2475.58070675,weather_actual_as_forecast_proxy,blocked_oof_train_price_before_2025_03,0.5954499096981088,,,,,,,,
2025-03-07T11:00:00Z,2025-03-08T19:00:00Z,33,train_fit,2381.09433475,weather_actual_as_forecast_proxy,blocked_oof_train_price_before_2025_03,0.5684390930746025,,,,,,,,
2025-03-07T11:00:00Z,2025-03-08T20:00:00Z,34,train_fit,2297.68275525,weather_actual_as_forecast_proxy,blocked_oof_train_price_before_2025_03,0.5384246669241307,,,,,,,,
2025-03-07T11:00:00Z,2025-03-08T21:00:00Z,35,train_fit,2245.604648,weather_actual_as_forecast_proxy,blocked_oof_train_price_before_2025_03,0.48522206940102364,,,,,,,,
2025-03-07T11:00:00Z,2025-03-08T22:00:00Z,36,train_fit,2197.3786265,weather_actual_as_forecast_proxy,blocked_oof_train_price_before_2025_03,0.45303671762213427,,,,,,,,
2025-03-08T11:00:00Z,2025-03-08T11:00:00Z,1,train_fit,2228.7850314999996,weather_actual_as_forecast_proxy,blocked_oof_train_price_before_2025_03,0.30629456020457596,,,,,,,,
2025-03-08T11:00:00Z,2025-03-08T12:00:00Z,2,train_fit,2202.2893697500003,weather_actual_as_forecast_proxy,blocked_oof_train_price_before_2025_03,0.31027329249531715,,,,,,,,
2025-03-08T11:00:00Z,2025-03-08T13:00:00Z,3,train_fit,2179.27089925,weather_actual_as_forecast_proxy,blocked_oof_train_price_before_2025_03,0.3161577336602689,,,,,,,,
2025-03-08T11:00:00Z,2025-03-08T14:00:00Z,4,train_fit,2181.7035205,weather_actual_as_forecast_proxy,blocked_oof_train_price_before_2025_03,0.34451727416718403,,,,,,,,
2025-03-08T11:00:00Z,2025-03-08T15:00:00Z,5,train_fit,2272.72796,weather_actual_as_forecast_proxy,blocked_oof_train_price_before_2025_03,0.41136071943907093,,,,,,,,
2025-03-08T11:00:00Z,2025-03-08T16:00:00Z,6,train_fit,2421.21465325,weather_actual_as_forecast_proxy,blocked_oof_train_price_before_2025_03,0.4699621673836844,,,,,,,,
2025-03-08T11:00:00Z,2025-03-08T17:00:00Z,7,train_fit,2511.87257975,weather_actual_as_forecast_proxy,blocked_oof_train_price_before_2025_03,0.46867839061832395,,,,,,,,
2025-03-08T11:00:00Z,2025-03-08T18:00:00Z,8,train_fit,2475.58070675,weather_actual_as_forecast_proxy,blocked_oof_train_price_before_2025_03,0.4337905072904593,,,,,,,,
2025-03-08T11:00:00Z,2025-03-08T19:00:00Z,9,train_fit,2381.09433475,weather_actual_as_forecast_proxy,blocked_oof_train_price_before_2025_03,0.41544379978180623,,,,,,,,
2025-03-08T11:00:00Z,2025-03-08T20:00:00Z,10,train_fit,2297.68275525,weather_actual_as_forecast_proxy,blocked_oof_train_price_before_2025_03,0.3943812184147794,,,,,,,,
2025-03-08T11:00:00Z,2025-03-08T21:00:00Z,11,train_fit,2245.604648,weather_actual_as_forecast_proxy,blocked_oof_train_price_before_2025_03,0.3462350325149315,,,,,,,,
2025-03-08T11:00:00Z,2025-03-08T22:00:00Z,12,train_fit,2197.3786265,weather_actual_as_forecast_proxy,blocked_oof_train_price_before_2025_03,0.3186273796466309,,,,,,,,
2025-03-08T11:00:00Z,2025-03-08T23:00:00Z,13,train_fit,2158.83289425,weather_actual_as_forecast_proxy,blocked_oof_train_price_before_2025_03,0.23106340834866862,,,,,,,,
2025-03-08T11:00:00Z,2025-03-09T00:00:00Z,14,train_fit,2118.127445,weather_actual_as_forecast_proxy,blocked_oof_train_price_before_2025_03,0.2299250752345227,,,,,,,,
2025-03-08T11:00:00Z,2025-03-09T01:00:00Z,15,train_fit,2117.7119917500004,weather_actual_as_forecast_proxy,blocked_oof_train_price_before_2025_03,0.23007960070354566,,,,,,,,
2025-03-08T11:00:00Z,2025-03-09T02:00:00Z,16,train_fit,2122.69446425,weather_actual_as_forecast_proxy,blocked_oof_train_price_before_2025_03,0.23423485056056056,,,,,,,,
2025-03-08T11:00:00Z,2025-03-09T03:00:00Z,17,train_fit,2121.2573562499997,weather_actual_as_forecast_proxy,blocked_oof_train_price_before_2025_03,0.2436156170478558,,,,,,,,
2025-03-08T11:00:00Z,2025-03-09T04:00:00Z,18,train_fit,2148.7719770000003,weather_actual_as_forecast_proxy,blocked_oof_train_price_before_2025_03,0.2645615239631249,,,,,,,,
2025-03-08T11:00:00Z,2025-03-09T05:00:00Z,19,train_fit,2180.4503975,weather_actual_as_forecast_proxy,blocked_oof_train_price_before_2025_03,0.3053858221418678,,,,,,,,
2025-03-08T11:00:00Z,2025-03-09T06:00:00Z,20,train_fit,2205.75686675,weather_actual_as_forecast_proxy,blocked_oof_train_price_before_2025_03,0.3356598081494768,,,,,,,,
2025-03-08T11:00:00Z,2025-03-09T07:00:00Z,21,train_fit,2241.34435425,weather_actual_as_forecast_proxy,blocked_oof_train_price_before_2025_03,0.3411184000482773,,,,,,,,
2025-03-08T11:00:00Z,2025-03-09T08:00:00Z,22,train_fit,2228.217674,weather_actual_as_forecast_proxy,blocked_oof_train_price_before_2025_03,0.3397236830450695,,,,,,,,
2025-03-08T11:00:00Z,2025-03-09T09:00:00Z,23,train_fit,2214.02406625,weather_actual_as_forecast_proxy,blocked_oof_train_price_before_2025_03,0.3347088992338031,,,,,,,,
2025-03-08T11:00:00Z,2025-03-09T10:00:00Z,24,train_fit,2188.20660175,weather_actual_as_forecast_proxy,blocked_oof_train_price_before_2025_03,0.3282018665395337,,,,,,,,
2025-03-08T11:00:00Z,2025-03-09T11:00:00Z,25,train_fit,2173.6165955,weather_actual_as_forecast_proxy,blocked_oof_train_price_before_2025_03,0.331087952696029,,,,,,,,
2025-03-08T11:00:00Z,2025-03-09T12:00:00Z,26,train_fit,2147.1397705,weather_actual_as_forecast_proxy,blocked_oof_train_price_before_2025_03,0.33176383191052594,,,,,,,,
2025-03-08T11:00:00Z,2025-03-09T13:00:00Z,27,train_fit,2153.69547925,weather_actual_as_forecast_proxy,blocked_oof_train_price_before_2025_03,0.33514067533737896,,,,,,,,
2025-03-08T11:00:00Z,2025-03-09T14:00:00Z,28,train_fit,2177.634577,weather_actual_as_forecast_proxy,blocked_oof_train_price_before_2025_03,0.3483743094246793,,,,,,,,
2025-03-08T11:00:00Z,2025-03-09T15:00:00Z,29,train_fit,2290.30181775,weather_actual_as_forecast_proxy,blocked_oof_train_price_before_2025_03,0.411629974844089,,,,,,,,
2025-03-08T11:00:00Z,2025-03-09T16:00:00Z,30,train_fit,2456.327056,weather_actual_as_forecast_proxy,blocked_oof_train_price_before_2025_03,0.49967014746183325,,,,,,,,
2025-03-08T11:00:00Z,2025-03-09T17:00:00Z,31,train_fit,2560.498965,weather_actual_as_forecast_proxy,blocked_oof_train_price_before_2025_03,0.5206606514691161,,,,,,,,
2025-03-08T11:00:00Z,2025-03-09T18:00:00Z,32,train_fit,2548.72442775,weather_actual_as_forecast_proxy,blocked_oof_train_price_before_2025_03,0.49241322999148374,,,,,,,,
2025-03-08T11:00:00Z,2025-03-09T19:00:00Z,33,train_fit,2496.72536,weather_actual_as_forecast_proxy,blocked_oof_train_price_before_2025_03,0.45610814785909537,,,,,,,,
2025-03-08T11:00:00Z,2025-03-09T20:00:00Z,34,train_fit,2423.0522445,weather_actual_as_forecast_proxy,blocked_oof_train_price_before_2025_03,0.43478802116635695,,,,,,,,
2025-03-08T11:00:00Z,2025-03-09T21:00:00Z,35,train_fit,2343.2379525,weather_actual_as_forecast_proxy,blocked_oof_train_price_before_2025_03,0.39472554477860705,,,,,,,,
2025-03-08T11:00:00Z,2025-03-09T22:00:00Z,36,train_fit,2264.6985445,weather_actual_as_forecast_proxy,blocked_oof_train_price_before_2025_03,0.3640474710258434,,,,,,,,
2025-03-09T11:00:00Z,2025-03-09T11:00:00Z,1,train_fit,2173.6165955,weather_actual_as_forecast_proxy,blocked_oof_train_price_before_2025_03,0.3769998007263379,,,,,,,,
2025-03-09T11:00:00Z,2025-03-09T12:00:00Z,2,train_fit,2147.1397705,weather_actual_as_forecast_proxy,blocked_oof_train_price_before_2025_03,0.3776031978661549,,,,,,,,
2025-03-09T11:00:00Z,2025-03-09T13:00:00Z,3,train_fit,2153.69547925,weather_actual_as_forecast_proxy,blocked_oof_train_price_before_2025_03,0.37954762797455555,,,,,,,,
2025-03-09T11:00:00Z,2025-03-09T14:00:00Z,4,train_fit,2177.634577,weather_actual_as_forecast_proxy,blocked_oof_train_price_before_2025_03,0.3905249129855354,,,,,,,,
2025-03-09T11:00:00Z,2025-03-09T15:00:00Z,5,train_fit,2290.30181775,weather_actual_as_forecast_proxy,blocked_oof_train_price_before_2025_03,0.4515921552989917,,,,,,,,
2025-03-09T11:00:00Z,2025-03-09T16:00:00Z,6,train_fit,2456.327056,weather_actual_as_forecast_proxy,blocked_oof_train_price_before_2025_03,0.5202917246313761,,,,,,,,
2025-03-09T11:00:00Z,2025-03-09T17:00:00Z,7,train_fit,2560.498965,weather_actual_as_forecast_proxy,blocked_oof_train_price_before_2025_03,0.5349642636760374,,,,,,,,
2025-03-09T11:00:00Z,2025-03-09T18:00:00Z,8,train_fit,2548.72442775,weather_actual_as_forecast_proxy,blocked_oof_train_price_before_2025_03,0.4919881797059819,,,,,,,,
2025-03-09T11:00:00Z,2025-03-09T19:00:00Z,9,train_fit,2496.72536,weather_actual_as_forecast_proxy,blocked_oof_train_price_before_2025_03,0.46100443016450626,,,,,,,,
2025-03-09T11:00:00Z,2025-03-09T20:00:00Z,10,train_fit,2423.0522445,weather_actual_as_forecast_proxy,blocked_oof_train_price_before_2025_03,0.4380476657616468,,,,,,,,
2025-03-09T11:00:00Z,2025-03-09T21:00:00Z,11,train_fit,2343.2379525,weather_actual_as_forecast_proxy,blocked_oof_train_price_before_2025_03,0.3981216783360926,,,,,,,,
2025-03-09T11:00:00Z,2025-03-09T22:00:00Z,12,train_fit,2264.6985445,weather_actual_as_forecast_proxy,blocked_oof_train_price_before_2025_03,0.3674469618791033,,,,,,,,
2025-03-09T11:00:00Z,2025-03-09T23:00:00Z,13,train_fit,2248.849401,weather_actual_as_forecast_proxy,blocked_oof_train_price_before_2025_03,0.27322338853974887,,,,,,,,
2025-03-09T11:00:00Z,2025-03-10T00:00:00Z,14,train_fit,2243.14073375,weather_actual_as_forecast_proxy,blocked_oof_train_price_before_2025_03,0.27194071695246747,,,,,,,,
2025-03-09T11:00:00Z,2025-03-10T01:00:00Z,15,train_fit,2206.96103425,weather_actual_as_forecast_proxy,blocked_oof_train_price_before_2025_03,0.2699908546722997,,,,,,,,
2025-03-09T11:00:00Z,2025-03-10T02:00:00Z,16,train_fit,2233.8798335,weather_actual_as_forecast_proxy,blocked_oof_train_price_before_2025_03,0.2763092821288704,,,,,,,,
2025-03-09T11:00:00Z,2025-03-10T03:00:00Z,17,train_fit,2272.62312,weather_actual_as_forecast_proxy,blocked_oof_train_price_before_2025_03,0.30265174542258966,,,,,,,,
2025-03-09T11:00:00Z,2025-03-10T04:00:00Z,18,train_fit,2397.34569375,weather_actual_as_forecast_proxy,blocked_oof_train_price_before_2025_03,0.3813828006777319,,,,,,,,
2025-03-09T11:00:00Z,2025-03-10T05:00:00Z,19,train_fit,2597.05982975,weather_actual_as_forecast_proxy,blocked_oof_train_price_before_2025_03,0.4591192335942502,,,,,,,,
2025-03-09T11:00:00Z,2025-03-10T06:00:00Z,20,train_fit,2773.70365775,weather_actual_as_forecast_proxy,blocked_oof_train_price_before_2025_03,0.566680107315448,,,,,,,,
2025-03-09T11:00:00Z,2025-03-10T07:00:00Z,21,train_fit,2812.29049075,weather_actual_as_forecast_proxy,blocked_oof_train_price_before_2025_03,0.5623963346774709,,,,,,,,
2025-03-09T11:00:00Z,2025-03-10T08:00:00Z,22,train_fit,2767.73481025,weather_actual_as_forecast_proxy,blocked_oof_train_price_before_2025_03,0.5392552669180586,,,,,,,,
2025-03-09T11:00:00Z,2025-03-10T09:00:00Z,23,train_fit,2738.4940947499995,weather_actual_as_forecast_proxy,blocked_oof_train_price_before_2025_03,0.47323251888228224,,,,,,,,
2025-03-09T11:00:00Z,2025-03-10T10:00:00Z,24,train_fit,2701.790505,weather_actual_as_forecast_proxy,blocked_oof_train_price_before_2025_03,0.43646893957794863,,,,,,,,
2025-03-09T11:00:00Z,2025-03-10T11:00:00Z,25,train_fit,2687.2401769999997,weather_actual_as_forecast_proxy,blocked_oof_train_price_before_2025_03,0.40383419576230034,,,,,,,,
2025-03-09T11:00:00Z,2025-03-10T12:00:00Z,26,train_fit,2667.28238075,weather_actual_as_forecast_proxy,blocked_oof_train_price_before_2025_03,0.39927902744517507,,,,,,,,
2025-03-09T11:00:00Z,2025-03-10T13:00:00Z,27,train_fit,2652.53268925,weather_actual_as_forecast_proxy,blocked_oof_train_price_before_2025_03,0.4004019870739431,,,,,,,,
2025-03-09T11:00:00Z,2025-03-10T14:00:00Z,28,train_fit,2688.8476395000002,weather_actual_as_forecast_proxy,blocked_oof_train_price_before_2025_03,0.4184375347368683,,,,,,,,
2025-03-09T11:00:00Z,2025-03-10T15:00:00Z,29,train_fit,2740.6361607500003,weather_actual_as_forecast_proxy,blocked_oof_train_price_before_2025_03,0.47016527205248215,,,,,,,,
2025-03-09T11:00:00Z,2025-03-10T16:00:00Z,30,train_fit,2856.3801514999996,weather_actual_as_forecast_proxy,blocked_oof_train_price_before_2025_03,0.5607762372672417,,,,,,,,
2025-03-09T11:00:00Z,2025-03-10T17:00:00Z,31,train_fit,2899.98207225,weather_actual_as_forecast_proxy,blocked_oof_train_price_before_2025_03,0.571678730192743,,,,,,,,
2025-03-09T11:00:00Z,2025-03-10T18:00:00Z,32,train_fit,2859.6023585,weather_actual_as_forecast_proxy,blocked_oof_train_price_before_2025_03,0.5348939582367025,,,,,,,,
2025-03-09T11:00:00Z,2025-03-10T19:00:00Z,33,train_fit,2776.5426697499997,weather_actual_as_forecast_proxy,blocked_oof_train_price_before_2025_03,0.460392542581567,,,,,,,,
2025-03-09T11:00:00Z,2025-03-10T20:00:00Z,34,train_fit,2675.90797725,weather_actual_as_forecast_proxy,blocked_oof_train_price_before_2025_03,0.4224060102200188,,,,,,,,
2025-03-09T11:00:00Z,2025-03-10T21:00:00Z,35,train_fit,2575.409686,weather_actual_as_forecast_proxy,blocked_oof_train_price_before_2025_03,0.38299254039077824,,,,,,,,
2025-03-09T11:00:00Z,2025-03-10T22:00:00Z,36,train_fit,2493.7134525,weather_actual_as_forecast_proxy,blocked_oof_train_price_before_2025_03,0.3553794427478416,,,,,,,,
2025-03-10T11:00:00Z,2025-03-10T11:00:00Z,1,train_fit,2687.2401769999997,weather_actual_as_forecast_proxy,blocked_oof_train_price_before_2025_03,0.8015820196061942,,,,,,,,
2025-03-10T11:00:00Z,2025-03-10T12:00:00Z,2,train_fit,2667.28238075,weather_actual_as_forecast_proxy,blocked_oof_train_price_before_2025_03,0.8011012293243424,,,,,,,,
2025-03-10T11:00:00Z,2025-03-10T13:00:00Z,3,train_fit,2652.53268925,weather_actual_as_forecast_proxy,blocked_oof_train_price_before_2025_03,0.8024294864306762,,,,,,,,
2025-03-10T11:00:00Z,2025-03-10T14:00:00Z,4,train_fit,2688.8476395000002,weather_actual_as_forecast_proxy,blocked_oof_train_price_before_2025_03,0.8298352804873121,,,,,,,,
2025-03-10T11:00:00Z,2025-03-10T15:00:00Z,5,train_fit,2740.6361607500003,weather_actual_as_forecast_proxy,blocked_oof_train_price_before_2025_03,0.8959889013537037,,,,,,,,
2025-03-10T11:00:00Z,2025-03-10T16:00:00Z,6,train_fit,2856.3801514999996,weather_actual_as_forecast_proxy,blocked_oof_train_price_before_2025_03,1.021371491632972,,,,,,,,
2025-03-10T11:00:00Z,2025-03-10T17:00:00Z,7,train_fit,2899.98207225,weather_actual_as_forecast_proxy,blocked_oof_train_price_before_2025_03,1.0301726491648502,,,,,,,,
2025-03-10T11:00:00Z,2025-03-10T18:00:00Z,8,train_fit,2859.6023585,weather_actual_as_forecast_proxy,blocked_oof_train_price_before_2025_03,0.9820518620484311,,,,,,,,
2025-03-10T11:00:00Z,2025-03-10T19:00:00Z,9,train_fit,2776.5426697499997,weather_actual_as_forecast_proxy,blocked_oof_train_price_before_2025_03,0.8498046184946105,,,,,,,,
2025-03-10T11:00:00Z,2025-03-10T20:00:00Z,10,train_fit,2675.90797725,weather_actual_as_forecast_proxy,blocked_oof_train_price_before_2025_03,0.7830682492174936,,,,,,,,
2025-03-10T11:00:00Z,2025-03-10T21:00:00Z,11,train_fit,2575.409686,weather_actual_as_forecast_proxy,blocked_oof_train_price_before_2025_03,0.7028475113802918,,,,,,,,
2025-03-10T11:00:00Z,2025-03-10T22:00:00Z,12,train_fit,2493.7134525,weather_actual_as_forecast_proxy,blocked_oof_train_price_before_2025_03,0.6557517038480668,,,,,,,,
2025-03-10T11:00:00Z,2025-03-10T23:00:00Z,13,train_fit,2395.2749685,weather_actual_as_forecast_proxy,blocked_oof_train_price_before_2025_03,0.5917145560729951,,,,,,,,
2025-03-10T11:00:00Z,2025-03-11T00:00:00Z,14,train_fit,2360.2677252500002,weather_actual_as_forecast_proxy,blocked_oof_train_price_before_2025_03,0.5890930024325112,,,,,,,,
2025-03-10T11:00:00Z,2025-03-11T01:00:00Z,15,train_fit,2337.08787975,weather_actual_as_forecast_proxy,blocked_oof_train_price_before_2025_03,0.590972019032139,,,,,,,,
2025-03-10T11:00:00Z,2025-03-11T02:00:00Z,16,train_fit,2337.255907,weather_actual_as_forecast_proxy,blocked_oof_train_price_before_2025_03,0.5912864415330122,,,,,,,,
2025-03-10T11:00:00Z,2025-03-11T03:00:00Z,17,train_fit,2356.05690075,weather_actual_as_forecast_proxy,blocked_oof_train_price_before_2025_03,0.6211212320115846,,,,,,,,
2025-03-10T11:00:00Z,2025-03-11T04:00:00Z,18,train_fit,2456.37907775,weather_actual_as_forecast_proxy,blocked_oof_train_price_before_2025_03,0.6903922092598046,,,,,,,,
2025-03-10T11:00:00Z,2025-03-11T05:00:00Z,19,train_fit,2671.40782775,weather_actual_as_forecast_proxy,blocked_oof_train_price_before_2025_03,0.8423112017050465,,,,,,,,
2025-03-10T11:00:00Z,2025-03-11T06:00:00Z,20,train_fit,2860.4277684999997,weather_actual_as_forecast_proxy,blocked_oof_train_price_before_2025_03,0.9587879861416714,,,,,,,,
2025-03-10T11:00:00Z,2025-03-11T07:00:00Z,21,train_fit,2910.9085825,weather_actual_as_forecast_proxy,blocked_oof_train_price_before_2025_03,0.955538594476476,,,,,,,,
2025-03-10T11:00:00Z,2025-03-11T08:00:00Z,22,train_fit,2904.4241282499997,weather_actual_as_forecast_proxy,blocked_oof_train_price_before_2025_03,0.8878274604631065,,,,,,,,
2025-03-10T11:00:00Z,2025-03-11T09:00:00Z,23,train_fit,2877.49009775,weather_actual_as_forecast_proxy,blocked_oof_train_price_before_2025_03,0.8085419439679318,,,,,,,,
2025-03-10T11:00:00Z,2025-03-11T10:00:00Z,24,train_fit,2879.1719375000002,weather_actual_as_forecast_proxy,blocked_oof_train_price_before_2025_03,0.7446880692197172,,,,,,,,
2025-03-10T11:00:00Z,2025-03-11T11:00:00Z,25,train_fit,2836.381138,weather_actual_as_forecast_proxy,blocked_oof_train_price_before_2025_03,0.7035092861026673,,,,,,,,
2025-03-10T11:00:00Z,2025-03-11T12:00:00Z,26,train_fit,2804.87933325,weather_actual_as_forecast_proxy,blocked_oof_train_price_before_2025_03,0.6900569182431129,,,,,,,,
2025-03-10T11:00:00Z,2025-03-11T13:00:00Z,27,train_fit,2803.2501809999994,weather_actual_as_forecast_proxy,blocked_oof_train_price_before_2025_03,0.6992847289765179,,,,,,,,
2025-03-10T11:00:00Z,2025-03-11T14:00:00Z,28,train_fit,2830.6966652499996,weather_actual_as_forecast_proxy,blocked_oof_train_price_before_2025_03,0.7537214223009967,,,,,,,,
2025-03-10T11:00:00Z,2025-03-11T15:00:00Z,29,train_fit,2879.16868325,weather_actual_as_forecast_proxy,blocked_oof_train_price_before_2025_03,0.8141222658702744,,,,,,,,
2025-03-10T11:00:00Z,2025-03-11T16:00:00Z,30,train_fit,2952.0562492500003,weather_actual_as_forecast_proxy,blocked_oof_train_price_before_2025_03,0.8790254935860781,,,,,,,,
2025-03-10T11:00:00Z,2025-03-11T17:00:00Z,31,train_fit,3007.5770865,weather_actual_as_forecast_proxy,blocked_oof_train_price_before_2025_03,0.8765191182141907,,,,,,,,
2025-03-10T11:00:00Z,2025-03-11T18:00:00Z,32,train_fit,2961.14637725,weather_actual_as_forecast_proxy,blocked_oof_train_price_before_2025_03,0.8385281052693839,,,,,,,,
2025-03-10T11:00:00Z,2025-03-11T19:00:00Z,33,train_fit,2870.64291,weather_actual_as_forecast_proxy,blocked_oof_train_price_before_2025_03,0.7202457824509848,,,,,,,,
2025-03-10T11:00:00Z,2025-03-11T20:00:00Z,34,train_fit,2775.3837497500003,weather_actual_as_forecast_proxy,blocked_oof_train_price_before_2025_03,0.6465731398414376,,,,,,,,
2025-03-10T11:00:00Z,2025-03-11T21:00:00Z,35,train_fit,2646.139003,weather_actual_as_forecast_proxy,blocked_oof_train_price_before_2025_03,0.5534337378840114,,,,,,,,
2025-03-10T11:00:00Z,2025-03-11T22:00:00Z,36,train_fit,2534.37087025,weather_actual_as_forecast_proxy,blocked_oof_train_price_before_2025_03,0.5038527603778962,,,,,,,,
2025-03-11T11:00:00Z,2025-03-11T11:00:00Z,1,train_fit,2836.381138,weather_actual_as_forecast_proxy,blocked_oof_train_price_before_2025_03,0.9636027043821948,,,,,,,,
2025-03-11T11:00:00Z,2025-03-11T12:00:00Z,2,train_fit,2804.87933325,weather_actual_as_forecast_proxy,blocked_oof_train_price_before_2025_03,0.9540622380252027,,,,,,,,
2025-03-11T11:00:00Z,2025-03-11T13:00:00Z,3,train_fit,2803.2501809999994,weather_actual_as_forecast_proxy,blocked_oof_train_price_before_2025_03,0.9666063576872167,,,,,,,,
2025-03-11T11:00:00Z,2025-03-11T14:00:00Z,4,train_fit,2830.6966652499996,weather_actual_as_forecast_proxy,blocked_oof_train_price_before_2025_03,1.0071324743525745,,,,,,,,
2025-03-11T11:00:00Z,2025-03-11T15:00:00Z,5,train_fit,2879.16868325,weather_actual_as_forecast_proxy,blocked_oof_train_price_before_2025_03,1.0720045730444783,,,,,,,,
2025-03-11T11:00:00Z,2025-03-11T16:00:00Z,6,train_fit,2952.0562492500003,weather_actual_as_forecast_proxy,blocked_oof_train_price_before_2025_03,1.1394515710495248,,,,,,,,
2025-03-11T11:00:00Z,2025-03-11T17:00:00Z,7,train_fit,3007.5770865,weather_actual_as_forecast_proxy,blocked_oof_train_price_before_2025_03,1.1402893719620826,,,,,,,,
2025-03-11T11:00:00Z,2025-03-11T18:00:00Z,8,train_fit,2961.14637725,weather_actual_as_forecast_proxy,blocked_oof_train_price_before_2025_03,1.1116207286417574,,,,,,,,
2025-03-11T11:00:00Z,2025-03-11T19:00:00Z,9,train_fit,2870.64291,weather_actual_as_forecast_proxy,blocked_oof_train_price_before_2025_03,1.0038844213555236,,,,,,,,
2025-03-11T11:00:00Z,2025-03-11T20:00:00Z,10,train_fit,2775.3837497500003,weather_actual_as_forecast_proxy,blocked_oof_train_price_before_2025_03,0.9272409742228247,,,,,,,,
2025-03-11T11:00:00Z,2025-03-11T21:00:00Z,11,train_fit,2646.139003,weather_actual_as_forecast_proxy,blocked_oof_train_price_before_2025_03,0.8178692773381422,,,,,,,,
2025-03-11T11:00:00Z,2025-03-11T22:00:00Z,12,train_fit,2534.37087025,weather_actual_as_forecast_proxy,blocked_oof_train_price_before_2025_03,0.7781803506388382,,,,,,,,
2025-03-11T11:00:00Z,2025-03-11T23:00:00Z,13,train_fit,2505.1373295000003,weather_actual_as_forecast_proxy,blocked_oof_train_price_before_2025_03,0.8158407651963278,,,,,,,,
2025-03-11T11:00:00Z,2025-03-12T00:00:00Z,14,train_fit,2448.4814945,weather_actual_as_forecast_proxy,blocked_oof_train_price_before_2025_03,0.8103707458696512,,,,,,,,
2025-03-11T11:00:00Z,2025-03-12T01:00:00Z,15,train_fit,2416.392815,weather_actual_as_forecast_proxy,blocked_oof_train_price_before_2025_03,0.806781387169545,,,,,,,,
2025-03-11T11:00:00Z,2025-03-12T02:00:00Z,16,train_fit,2408.92698125,weather_actual_as_forecast_proxy,blocked_oof_train_price_before_2025_03,0.8058082772040999,,,,,,,,
2025-03-11T11:00:00Z,2025-03-12T03:00:00Z,17,train_fit,2421.6359515000004,weather_actual_as_forecast_proxy,blocked_oof_train_price_before_2025_03,0.8263303924712002,,,,,,,,
2025-03-11T11:00:00Z,2025-03-12T04:00:00Z,18,train_fit,2525.526888,weather_actual_as_forecast_proxy,blocked_oof_train_price_before_2025_03,0.8922450652633914,,,,,,,,
2025-03-11T11:00:00Z,2025-03-12T05:00:00Z,19,train_fit,2714.3459222500005,weather_actual_as_forecast_proxy,blocked_oof_train_price_before_2025_03,1.0724407236815598,,,,,,,,
2025-03-11T11:00:00Z,2025-03-12T06:00:00Z,20,train_fit,2916.7515547499997,weather_actual_as_forecast_proxy,blocked_oof_train_price_before_2025_03,1.1665606478335797,,,,,,,,
2025-03-11T11:00:00Z,2025-03-12T07:00:00Z,21,train_fit,2979.4593735,weather_actual_as_forecast_proxy,blocked_oof_train_price_before_2025_03,1.1400566083360568,,,,,,,,
2025-03-11T11:00:00Z,2025-03-12T08:00:00Z,22,train_fit,2982.820339,weather_actual_as_forecast_proxy,blocked_oof_train_price_before_2025_03,1.09901677130907,,,,,,,,
2025-03-11T11:00:00Z,2025-03-12T09:00:00Z,23,train_fit,2970.334158,weather_actual_as_forecast_proxy,blocked_oof_train_price_before_2025_03,1.0294427418674719,,,,,,,,
2025-03-11T11:00:00Z,2025-03-12T10:00:00Z,24,train_fit,2972.28822675,weather_actual_as_forecast_proxy,blocked_oof_train_price_before_2025_03,0.9634386222060598,,,,,,,,
2025-03-11T11:00:00Z,2025-03-12T11:00:00Z,25,train_fit,2971.41654775,weather_actual_as_forecast_proxy,blocked_oof_train_price_before_2025_03,0.9190034223966486,,,,,,,,
2025-03-11T11:00:00Z,2025-03-12T12:00:00Z,26,train_fit,2955.44627125,weather_actual_as_forecast_proxy,blocked_oof_train_price_before_2025_03,0.9106796774325878,,,,,,,,
2025-03-11T11:00:00Z,2025-03-12T13:00:00Z,27,train_fit,2956.25552875,weather_actual_as_forecast_proxy,blocked_oof_train_price_before_2025_03,0.9114782962350113,,,,,,,,
2025-03-11T11:00:00Z,2025-03-12T14:00:00Z,28,train_fit,2969.049338,weather_actual_as_forecast_proxy,blocked_oof_train_price_before_2025_03,0.9424260866334486,,,,,,,,
2025-03-11T11:00:00Z,2025-03-12T15:00:00Z,29,train_fit,2996.25248,weather_actual_as_forecast_proxy,blocked_oof_train_price_before_2025_03,1.0099365884097593,,,,,,,,
2025-03-11T11:00:00Z,2025-03-12T16:00:00Z,30,train_fit,3053.8520710000003,weather_actual_as_forecast_proxy,blocked_oof_train_price_before_2025_03,1.0931440889020492,,,,,,,,
2025-03-11T11:00:00Z,2025-03-12T17:00:00Z,31,train_fit,3058.68214525,weather_actual_as_forecast_proxy,blocked_oof_train_price_before_2025_03,1.0904612002032543,,,,,,,,
2025-03-11T11:00:00Z,2025-03-12T18:00:00Z,32,train_fit,2991.9667627500003,weather_actual_as_forecast_proxy,blocked_oof_train_price_before_2025_03,1.0497255803981234,,,,,,,,
2025-03-11T11:00:00Z,2025-03-12T19:00:00Z,33,train_fit,2940.75669875,weather_actual_as_forecast_proxy,blocked_oof_train_price_before_2025_03,0.9252276596016977,,,,,,,,
2025-03-11T11:00:00Z,2025-03-12T20:00:00Z,34,train_fit,2830.9817805000002,weather_actual_as_forecast_proxy,blocked_oof_train_price_before_2025_03,0.8535110937198083,,,,,,,,
2025-03-11T11:00:00Z,2025-03-12T21:00:00Z,35,train_fit,2737.07457525,weather_actual_as_forecast_proxy,blocked_oof_train_price_before_2025_03,0.7501058797131469,,,,,,,,
2025-03-11T11:00:00Z,2025-03-12T22:00:00Z,36,train_fit,2622.46219125,weather_actual_as_forecast_proxy,blocked_oof_train_price_before_2025_03,0.7098609321130481,,,,,,,,
2025-03-12T11:00:00Z,2025-03-12T11:00:00Z,1,train_fit,2971.41654775,weather_actual_as_forecast_proxy,blocked_oof_train_price_before_2025_03,1.2383034384063767,,,,,,,,
2025-03-12T11:00:00Z,2025-03-12T12:00:00Z,2,train_fit,2955.44627125,weather_actual_as_forecast_proxy,blocked_oof_train_price_before_2025_03,1.2340383164587037,,,,,,,,
2025-03-12T11:00:00Z,2025-03-12T13:00:00Z,3,train_fit,2956.25552875,weather_actual_as_forecast_proxy,blocked_oof_train_price_before_2025_03,1.2433425736730674,,,,,,,,
2025-03-12T11:00:00Z,2025-03-12T14:00:00Z,4,train_fit,2969.049338,weather_actual_as_forecast_proxy,blocked_oof_train_price_before_2025_03,1.2697231915871583,,,,,,,,
2025-03-12T11:00:00Z,2025-03-12T15:00:00Z,5,train_fit,2996.25248,weather_actual_as_forecast_proxy,blocked_oof_train_price_before_2025_03,1.3235990722953836,,,,,,,,
2025-03-12T11:00:00Z,2025-03-12T16:00:00Z,6,train_fit,3053.8520710000003,weather_actual_as_forecast_proxy,blocked_oof_train_price_before_2025_03,1.411477614796388,,,,,,,,
2025-03-12T11:00:00Z,2025-03-12T17:00:00Z,7,train_fit,3058.68214525,weather_actual_as_forecast_proxy,blocked_oof_train_price_before_2025_03,1.417095816662846,,,,,,,,
2025-03-12T11:00:00Z,2025-03-12T18:00:00Z,8,train_fit,2991.9667627500003,weather_actual_as_forecast_proxy,blocked_oof_train_price_before_2025_03,1.3416957095627957,,,,,,,,
2025-03-12T11:00:00Z,2025-03-12T19:00:00Z,9,train_fit,2940.75669875,weather_actual_as_forecast_proxy,blocked_oof_train_price_before_2025_03,1.1907747142049692,,,,,,,,
2025-03-12T11:00:00Z,2025-03-12T20:00:00Z,10,train_fit,2830.9817805000002,weather_actual_as_forecast_proxy,blocked_oof_train_price_before_2025_03,1.0855940275740754,,,,,,,,
2025-03-12T11:00:00Z,2025-03-12T21:00:00Z,11,train_fit,2737.07457525,weather_actual_as_forecast_proxy,blocked_oof_train_price_before_2025_03,0.9500148147919135,,,,,,,,
2025-03-12T11:00:00Z,2025-03-12T22:00:00Z,12,train_fit,2622.46219125,weather_actual_as_forecast_proxy,blocked_oof_train_price_before_2025_03,0.8968699546777333,,,,,,,,
2025-03-12T11:00:00Z,2025-03-12T23:00:00Z,13,train_fit,2542.8627685,weather_actual_as_forecast_proxy,blocked_oof_train_price_before_2025_03,0.8899040256811948,,,,,,,,
2025-03-12T11:00:00Z,2025-03-13T00:00:00Z,14,train_fit,2523.64243475,weather_actual_as_forecast_proxy,blocked_oof_train_price_before_2025_03,0.8844376092376613,,,,,,,,
2025-03-12T11:00:00Z,2025-03-13T01:00:00Z,15,train_fit,2506.2564310000002,weather_actual_as_forecast_proxy,blocked_oof_train_price_before_2025_03,0.883929362126878,,,,,,,,
2025-03-12T11:00:00Z,2025-03-13T02:00:00Z,16,train_fit,2513.6314955,weather_actual_as_forecast_proxy,blocked_oof_train_price_before_2025_03,0.8844470884117711,,,,,,,,
2025-03-12T11:00:00Z,2025-03-13T03:00:00Z,17,train_fit,2531.56123325,weather_actual_as_forecast_proxy,blocked_oof_train_price_before_2025_03,0.9075206853693478,,,,,,,,
2025-03-12T11:00:00Z,2025-03-13T04:00:00Z,18,train_fit,2628.01283125,weather_actual_as_forecast_proxy,blocked_oof_train_price_before_2025_03,0.96832671338998,,,,,,,,
2025-03-12T11:00:00Z,2025-03-13T05:00:00Z,19,train_fit,2811.37401325,weather_actual_as_forecast_proxy,blocked_oof_train_price_before_2025_03,1.2511402581998707,,,,,,,,
2025-03-12T11:00:00Z,2025-03-13T06:00:00Z,20,train_fit,2992.89128425,weather_actual_as_forecast_proxy,blocked_oof_train_price_before_2025_03,1.4657290156337484,,,,,,,,
2025-03-12T11:00:00Z,2025-03-13T07:00:00Z,21,train_fit,3043.0108852500002,weather_actual_as_forecast_proxy,blocked_oof_train_price_before_2025_03,1.442263374604606,,,,,,,,
2025-03-12T11:00:00Z,2025-03-13T08:00:00Z,22,train_fit,3033.2544262499996,weather_actual_as_forecast_proxy,blocked_oof_train_price_before_2025_03,1.3848477630559324,,,,,,,,
2025-03-12T11:00:00Z,2025-03-13T09:00:00Z,23,train_fit,3009.55795175,weather_actual_as_forecast_proxy,blocked_oof_train_price_before_2025_03,1.2707272278780057,,,,,,,,
2025-03-12T11:00:00Z,2025-03-13T10:00:00Z,24,train_fit,3011.77360375,weather_actual_as_forecast_proxy,blocked_oof_train_price_before_2025_03,1.2078298519048087,,,,,,,,
2025-03-12T11:00:00Z,2025-03-13T11:00:00Z,25,train_fit,2994.8355260000003,weather_actual_as_forecast_proxy,blocked_oof_train_price_before_2025_03,1.1721964568006524,,,,,,,,
2025-03-12T11:00:00Z,2025-03-13T12:00:00Z,26,train_fit,2962.0234490000003,weather_actual_as_forecast_proxy,blocked_oof_train_price_before_2025_03,1.1621875880319172,,,,,,,,
2025-03-12T11:00:00Z,2025-03-13T13:00:00Z,27,train_fit,2963.5465867499997,weather_actual_as_forecast_proxy,blocked_oof_train_price_before_2025_03,1.156723930084185,,,,,,,,
2025-03-12T11:00:00Z,2025-03-13T14:00:00Z,28,train_fit,2993.49273975,weather_actual_as_forecast_proxy,blocked_oof_train_price_before_2025_03,1.1845307755558998,,,,,,,,
2025-03-12T11:00:00Z,2025-03-13T15:00:00Z,29,train_fit,3023.17619275,weather_actual_as_forecast_proxy,blocked_oof_train_price_before_2025_03,1.3059801870947538,,,,,,,,
2025-03-12T11:00:00Z,2025-03-13T16:00:00Z,30,train_fit,3088.01716275,weather_actual_as_forecast_proxy,blocked_oof_train_price_before_2025_03,1.3251378376224277,,,,,,,,
2025-03-12T11:00:00Z,2025-03-13T17:00:00Z,31,train_fit,3135.2488125,weather_actual_as_forecast_proxy,blocked_oof_train_price_before_2025_03,1.3342447947552754,,,,,,,,
2025-03-12T11:00:00Z,2025-03-13T18:00:00Z,32,train_fit,3093.11252675,weather_actual_as_forecast_proxy,blocked_oof_train_price_before_2025_03,1.2642432005244557,,,,,,,,
2025-03-12T11:00:00Z,2025-03-13T19:00:00Z,33,train_fit,3038.6504192499997,weather_actual_as_forecast_proxy,blocked_oof_train_price_before_2025_03,1.1450057191703318,,,,,,,,
2025-03-12T11:00:00Z,2025-03-13T20:00:00Z,34,train_fit,2963.3987395,weather_actual_as_forecast_proxy,blocked_oof_train_price_before_2025_03,1.0470922114425494,,,,,,,,
2025-03-12T11:00:00Z,2025-03-13T21:00:00Z,35,train_fit,2911.731809,weather_actual_as_forecast_proxy,blocked_oof_train_price_before_2025_03,0.9171358916504266,,,,,,,,
2025-03-12T11:00:00Z,2025-03-13T22:00:00Z,36,train_fit,2838.79106025,weather_actual_as_forecast_proxy,blocked_oof_train_price_before_2025_03,0.8605098567896741,,,,,,,,
2025-03-13T11:00:00Z,2025-03-13T11:00:00Z,1,train_fit,2994.8355260000003,weather_actual_as_forecast_proxy,blocked_oof_train_price_before_2025_03,1.4288214710558467,,,,,,,,
2025-03-13T11:00:00Z,2025-03-13T12:00:00Z,2,train_fit,2962.0234490000003,weather_actual_as_forecast_proxy,blocked_oof_train_price_before_2025_03,1.4182342538490316,,,,,,,,
2025-03-13T11:00:00Z,2025-03-13T13:00:00Z,3,train_fit,2963.5465867499997,weather_actual_as_forecast_proxy,blocked_oof_train_price_before_2025_03,1.4154029428369135,,,,,,,,
2025-03-13T11:00:00Z,2025-03-13T14:00:00Z,4,train_fit,2993.49273975,weather_actual_as_forecast_proxy,blocked_oof_train_price_before_2025_03,1.4529639813821063,,,,,,,,
2025-03-13T11:00:00Z,2025-03-13T15:00:00Z,5,train_fit,3023.17619275,weather_actual_as_forecast_proxy,blocked_oof_train_price_before_2025_03,1.608866321982601,,,,,,,,
2025-03-13T11:00:00Z,2025-03-13T16:00:00Z,6,train_fit,3088.01716275,weather_actual_as_forecast_proxy,blocked_oof_train_price_before_2025_03,1.6141778737315717,,,,,,,,
2025-03-13T11:00:00Z,2025-03-13T17:00:00Z,7,train_fit,3135.2488125,weather_actual_as_forecast_proxy,blocked_oof_train_price_before_2025_03,1.6323051759194587,,,,,,,,
2025-03-13T11:00:00Z,2025-03-13T18:00:00Z,8,train_fit,3093.11252675,weather_actual_as_forecast_proxy,blocked_oof_train_price_before_2025_03,1.5725418981584696,,,,,,,,
2025-03-13T11:00:00Z,2025-03-13T19:00:00Z,9,train_fit,3038.6504192499997,weather_actual_as_forecast_proxy,blocked_oof_train_price_before_2025_03,1.4236666654117685,,,,,,,,
2025-03-13T11:00:00Z,2025-03-13T20:00:00Z,10,train_fit,2963.3987395,weather_actual_as_forecast_proxy,blocked_oof_train_price_before_2025_03,1.2912667023231985,,,,,,,,
2025-03-13T11:00:00Z,2025-03-13T21:00:00Z,11,train_fit,2911.731809,weather_actual_as_forecast_proxy,blocked_oof_train_price_before_2025_03,1.1708147454343965,,,,,,,,
2025-03-13T11:00:00Z,2025-03-13T22:00:00Z,12,train_fit,2838.79106025,weather_actual_as_forecast_proxy,blocked_oof_train_price_before_2025_03,1.1098899602852033,,,,,,,,
2025-03-13T11:00:00Z,2025-03-13T23:00:00Z,13,train_fit,2726.9361095,weather_actual_as_forecast_proxy,blocked_oof_train_price_before_2025_03,1.0313730337198512,,,,,,,,
2025-03-13T11:00:00Z,2025-03-14T00:00:00Z,14,train_fit,2710.94436325,weather_actual_as_forecast_proxy,blocked_oof_train_price_before_2025_03,1.0222566684484504,,,,,,,,
2025-03-13T11:00:00Z,2025-03-14T01:00:00Z,15,train_fit,2699.2347945,weather_actual_as_forecast_proxy,blocked_oof_train_price_before_2025_03,1.0186421211786596,,,,,,,,
2025-03-13T11:00:00Z,2025-03-14T02:00:00Z,16,train_fit,2718.71826625,weather_actual_as_forecast_proxy,blocked_oof_train_price_before_2025_03,1.0241749481923463,,,,,,,,
2025-03-13T11:00:00Z,2025-03-14T03:00:00Z,17,train_fit,2749.01089675,weather_actual_as_forecast_proxy,blocked_oof_train_price_before_2025_03,1.0481017082662274,,,,,,,,
2025-03-13T11:00:00Z,2025-03-14T04:00:00Z,18,train_fit,2854.75237,weather_actual_as_forecast_proxy,blocked_oof_train_price_before_2025_03,1.131889941017908,,,,,,,,
2025-03-13T11:00:00Z,2025-03-14T05:00:00Z,19,train_fit,3044.652261,weather_actual_as_forecast_proxy,blocked_oof_train_price_before_2025_03,1.4309951374881074,,,,,,,,
2025-03-13T11:00:00Z,2025-03-14T06:00:00Z,20,train_fit,3182.0163159999997,weather_actual_as_forecast_proxy,blocked_oof_train_price_before_2025_03,1.633039631083235,,,,,,,,
2025-03-13T11:00:00Z,2025-03-14T07:00:00Z,21,train_fit,3132.57939175,weather_actual_as_forecast_proxy,blocked_oof_train_price_before_2025_03,1.591731782066339,,,,,,,,
2025-03-13T11:00:00Z,2025-03-14T08:00:00Z,22,train_fit,3019.7201354999997,weather_actual_as_forecast_proxy,blocked_oof_train_price_before_2025_03,1.5504184512487618,,,,,,,,
2025-03-13T11:00:00Z,2025-03-14T09:00:00Z,23,train_fit,2930.2333835,weather_actual_as_forecast_proxy,blocked_oof_train_price_before_2025_03,1.4473750257270006,,,,,,,,
2025-03-13T11:00:00Z,2025-03-14T10:00:00Z,24,train_fit,2850.655227,weather_actual_as_forecast_proxy,blocked_oof_train_price_before_2025_03,1.3806715821989632,,,,,,,,
2025-03-13T11:00:00Z,2025-03-14T11:00:00Z,25,train_fit,2762.23332375,weather_actual_as_forecast_proxy,blocked_oof_train_price_before_2025_03,1.314058039366349,,,,,,,,
2025-03-13T11:00:00Z,2025-03-14T12:00:00Z,26,train_fit,2674.086964,weather_actual_as_forecast_proxy,blocked_oof_train_price_before_2025_03,1.2848251884783966,,,,,,,,
2025-03-13T11:00:00Z,2025-03-14T13:00:00Z,27,train_fit,2635.9106645,weather_actual_as_forecast_proxy,blocked_oof_train_price_before_2025_03,1.3165262717145325,,,,,,,,
2025-03-13T11:00:00Z,2025-03-14T14:00:00Z,28,train_fit,2626.908604,weather_actual_as_forecast_proxy,blocked_oof_train_price_before_2025_03,1.3488451582700145,,,,,,,,
2025-03-13T11:00:00Z,2025-03-14T15:00:00Z,29,train_fit,2657.1963345,weather_actual_as_forecast_proxy,blocked_oof_train_price_before_2025_03,1.412192949188731,,,,,,,,
2025-03-13T11:00:00Z,2025-03-14T16:00:00Z,30,train_fit,2797.74186475,weather_actual_as_forecast_proxy,blocked_oof_train_price_before_2025_03,1.455055307034709,,,,,,,,
2025-03-13T11:00:00Z,2025-03-14T17:00:00Z,31,train_fit,2904.46331425,weather_actual_as_forecast_proxy,blocked_oof_train_price_before_2025_03,1.4597342620271725,,,,,,,,
2025-03-13T11:00:00Z,2025-03-14T18:00:00Z,32,train_fit,2901.4982197500003,weather_actual_as_forecast_proxy,blocked_oof_train_price_before_2025_03,1.403095848906721,,,,,,,,
2025-03-13T11:00:00Z,2025-03-14T19:00:00Z,33,train_fit,2846.37979125,weather_actual_as_forecast_proxy,blocked_oof_train_price_before_2025_03,1.250923574981958,,,,,,,,
2025-03-13T11:00:00Z,2025-03-14T20:00:00Z,34,train_fit,2781.2004624999995,weather_actual_as_forecast_proxy,blocked_oof_train_price_before_2025_03,1.1203024905210408,,,,,,,,
2025-03-13T11:00:00Z,2025-03-14T21:00:00Z,35,train_fit,2723.53591625,weather_actual_as_forecast_proxy,blocked_oof_train_price_before_2025_03,0.981368373262073,,,,,,,,
2025-03-13T11:00:00Z,2025-03-14T22:00:00Z,36,train_fit,2679.2921062500004,weather_actual_as_forecast_proxy,blocked_oof_train_price_before_2025_03,0.9182247907031814,,,,,,,,
2025-03-14T11:00:00Z,2025-03-14T11:00:00Z,1,train_fit,2762.23332375,weather_actual_as_forecast_proxy,blocked_oof_train_price_before_2025_03,1.3329634365577414,,,,,,,,
2025-03-14T11:00:00Z,2025-03-14T12:00:00Z,2,train_fit,2674.086964,weather_actual_as_forecast_proxy,blocked_oof_train_price_before_2025_03,1.3091211395579752,,,,,,,,
2025-03-14T11:00:00Z,2025-03-14T13:00:00Z,3,train_fit,2635.9106645,weather_actual_as_forecast_proxy,blocked_oof_train_price_before_2025_03,1.3383029997288087,,,,,,,,
2025-03-14T11:00:00Z,2025-03-14T14:00:00Z,4,train_fit,2626.908604,weather_actual_as_forecast_proxy,blocked_oof_train_price_before_2025_03,1.367714940355206,,,,,,,,
2025-03-14T11:00:00Z,2025-03-14T15:00:00Z,5,train_fit,2657.1963345,weather_actual_as_forecast_proxy,blocked_oof_train_price_before_2025_03,1.4223644335358556,,,,,,,,
2025-03-14T11:00:00Z,2025-03-14T16:00:00Z,6,train_fit,2797.74186475,weather_actual_as_forecast_proxy,blocked_oof_train_price_before_2025_03,1.4803383370398102,,,,,,,,
2025-03-14T11:00:00Z,2025-03-14T17:00:00Z,7,train_fit,2904.46331425,weather_actual_as_forecast_proxy,blocked_oof_train_price_before_2025_03,1.5069975611258042,,,,,,,,
2025-03-14T11:00:00Z,2025-03-14T18:00:00Z,8,train_fit,2901.4982197500003,weather_actual_as_forecast_proxy,blocked_oof_train_price_before_2025_03,1.4317799222856542,,,,,,,,
2025-03-14T11:00:00Z,2025-03-14T19:00:00Z,9,train_fit,2846.37979125,weather_actual_as_forecast_proxy,blocked_oof_train_price_before_2025_03,1.246277420744505,,,,,,,,
